episode,arrival_rate_rps,reward,served_requests,dropped_requests,completion_ratio,batches,mean_batch_size,makespan_ms,avg_e2e_ms,p95_e2e_ms,slo_satisfaction,throughput_rps,goodput_rps,mapping_steps,replay_size,loss,epsilon
1,0.2,-478.67458109976275,12,0,1.0,4,3.0,130453.294190435,39550.02984358804,62915.69263216869,0.0,0.09198694501713744,0.0,45,45,,0.998575
2,0.1,-870.4836349063277,12,0,1.0,9,1.3333333333333333,226904.33959683825,26582.134747155662,70755.71773910044,0.08333333333333337,0.0528857227734009,0.004407143564450075,96,141,5.103001236915588,0.995535
3,0.2,-371.7521528978985,12,0,1.0,4,3.0,117955.38602528325,44432.75169982963,65595.09195378792,0.0,0.10173337907120113,0.0,42,183,2.157302975654602,0.994205
4,0.4,-439.9371673984226,12,0,1.0,3,4.0,142040.97617958704,65616.61255960264,104792.41469946656,0.0,0.08448266354370874,0.0,28,211,6.2152116894721985,0.9933183333333333
5,0.4,-403.7577209307174,12,0,1.0,3,4.0,92910.91496718454,62972.98238173016,77980.87756400267,0.0,0.12915597703712545,0.0,36,247,18.825529098510742,0.9921783333333334
6,0.1,-464.35460721917445,12,0,1.0,8,1.5,128473.44249136571,13905.528349077837,32975.085163231255,0.0,0.09340451822022658,0.0,67,314,4.146007061004639,0.9900566666666667
7,0.2,-711.2645656744697,12,0,1.0,3,4.0,169540.55123497665,76850.01906376104,113758.23253919437,0.0,0.0707795268600281,0.0,32,346,9.987125039100647,0.9890433333333334
8,0.6,-414.19595005188376,12,0,1.0,4,3.0,91178.14199288507,34981.56611680336,70670.92288590684,0.0,0.1316104906035089,0.0,34,380,24.39414882659912,0.9879666666666667
9,0.1,-716.5182996026963,12,0,1.0,5,2.4,194555.03722747893,52132.71486132441,88305.26006169156,0.0,0.06167920487182905,0.0,53,433,8.230724811553955,0.9862883333333333
10,0.1,-826.1196618898626,12,0,1.0,8,1.5,191600.6573003691,27937.47878961429,46417.305257660104,0.08333333333333337,0.06263026530847336,0.005219188775706114,63,496,18.450536966323853,0.9842933333333334
11,0.4,-219.02265218088243,12,0,1.0,4,3.0,56238.129001566456,23524.34430538597,45050.66885532657,0.0,0.2133783646974769,0.0,36,532,11.680647850036621,0.9831533333333333
12,0.1,-581.1079299521598,12,0,1.0,4,3.0,129513.69475718893,47015.00901568332,62672.93949617031,0.0,0.09265429437788403,0.0,41,573,6.158080488443375,0.981855
13,0.6,-321.87211318780317,12,0,1.0,4,3.0,114382.92550010889,40589.904668308525,78059.67205012687,0.08333333333333337,0.10491076310151358,0.008742563591792799,37,610,17.552369117736816,0.9806833333333334
14,0.4,-396.0648347684663,12,0,1.0,3,4.0,100381.25206329155,46735.13915412931,71885.99263038787,0.0,0.1195442351369941,0.0,34,644,4.570205360651016,0.9796066666666666
15,0.4,-323.03808710459674,12,0,1.0,3,4.0,90620.84302105982,43465.43662398957,59035.722456936775,0.0,0.13241986721764729,0.0,26,670,1.5348307490348816,0.9787833333333333
16,0.6,-291.09363159056255,12,0,1.0,3,4.0,127387.11323631808,45434.95565635272,110381.55745561367,0.0,0.0942010513868745,0.0,34,704,16.96570110321045,0.9777066666666667
17,0.1,-674.5807766083617,12,0,1.0,7,1.7142857142857142,140435.14061392893,28467.56921787041,57743.37014291723,0.08333333333333337,0.08544869857743989,0.0071207248814533245,72,776,2.3035945892333984,0.9754266666666667
18,0.1,-836.5131121282625,12,0,1.0,8,1.5,221982.41030934354,30181.272971659764,62992.25642211222,0.16666666666666663,0.05405833724968299,0.009009722874947165,74,850,5.8175660371780396,0.9730833333333333
19,0.4,-405.2395050442525,12,0,1.0,3,4.0,110206.70940775285,57760.17620652133,83366.75608847884,0.0,0.10888629253597715,0.0,29,879,0.7331916391849518,0.972165
20,0.4,-332.07387985698267,12,0,1.0,3,4.0,80236.10960760854,31933.216165782684,60641.7186734469,0.0,0.14955859722867318,0.0,28,907,16.383745193481445,0.9712783333333334
21,0.1,-447.02347594294105,12,0,1.0,6,2.0,109838.76403876925,25480.4891790611,40841.94854286407,0.08333333333333337,0.10925104725108176,0.009104253937590148,49,956,9.742789268493652,0.9697266666666666
22,0.6,-236.4034758212876,12,0,1.0,3,4.0,72108.55041205935,29534.713040832703,48077.7494157674,0.08333333333333337,0.16641577082643907,0.013867980902203257,27,983,3.0268348455429077,0.9688716666666667
23,0.1,-495.17503330809154,12,0,1.0,11,1.0909090909090908,273314.02842326363,10643.248058753206,22073.22944009517,0.08333333333333337,0.043905539972563655,0.003658794997713638,119,1102,12.395516335964203,0.9651033333333333
24,0.2,-586.5430474879865,12,0,1.0,8,1.5,124470.23099673056,24334.961936535434,52196.489941273074,0.08333333333333337,0.09640859427918312,0.00803404952326526,85,1187,11.180684089660645,0.9624116666666667
25,0.1,-612.0704094822194,12,0,1.0,5,2.4,133249.66729787362,32318.982612822434,69982.16706101011,0.16666666666666663,0.09005651003371394,0.015009418338952323,40,1227,13.85256814956665,0.961145
26,0.2,-422.7318354654602,12,0,1.0,5,2.4,127202.42331953278,27904.047811409004,61892.54149689643,0.0,0.09433782538761838,0.0,46,1273,7.541722536087036,0.9596883333333334
27,0.4,-303.2452904945744,12,0,1.0,4,3.0,101094.99496352467,46685.210155979905,74283.78958084443,0.0,0.11870023836817668,0.0,44,1317,11.332314372062683,0.958295
28,0.4,-229.54651231423136,12,0,1.0,3,4.0,59849.93015046696,27564.81904901702,41723.1378355326,0.08333333333333337,0.20050148713342109,0.01670845726111842,24,1341,5.30097222328186,0.957535
29,0.2,-538.8330229211401,12,0,1.0,3,4.0,133961.9304821533,55663.1181913477,82235.61199695816,0.0,0.08957768790588358,0.0,25,1366,2.5820307433605194,0.9567433333333333
30,0.4,-365.3071259365567,12,0,1.0,4,3.0,107805.08556197412,48016.22322234652,79417.78796541199,0.0,0.11131200293052536,0.0,34,1400,17.91864776611328,0.9556666666666667
31,0.6,-425.2171374072695,12,0,1.0,3,4.0,130015.61454503497,52685.34756027889,90817.35699261489,0.0,0.09229660638833058,0.0,33,1433,8.121088027954102,0.9546216666666667
32,0.2,-532.8863335262893,12,0,1.0,4,3.0,157549.61762888552,52650.15698259901,98720.63303373527,0.0,0.07616648126856444,0.0,41,1474,3.0035335421562195,0.9533233333333333
33,0.2,-407.5573717223899,12,0,1.0,4,3.0,109624.46041089461,47865.54545555231,77232.29806549977,0.08333333333333337,0.10946462089775928,0.00912205174147994,30,1504,11.500113487243652,0.9523733333333333
34,0.6,-239.9183905019539,12,0,1.0,3,4.0,103994.16953182488,32594.275627408115,66006.9300930137,0.0,0.11539108446197739,0.0,29,1533,13.170767784118652,0.951455
35,0.2,-463.7525203707893,12,0,1.0,3,4.0,104879.78541151702,43321.64568680289,82483.59150744649,0.0,0.11441671007349583,0.0,23,1556,4.590568542480469,0.9507266666666667
36,0.6,-200.28012088251234,12,0,1.0,3,4.0,78311.11652088969,36440.95400545135,74148.5963614047,0.0,0.1532349496868554,0.0,24,1580,8.716094493865967,0.9499666666666666
37,0.2,-517.3760820845201,12,0,1.0,5,2.4,159987.98651333188,33534.92103343085,69156.23075117865,0.08333333333333337,0.07500563174473124,0.006250469312060937,50,1630,8.401657700538635,0.9483833333333334
38,0.2,-562.5484705396185,12,0,1.0,3,4.0,137868.94516137015,61586.30716111249,96824.43506417554,0.0,0.08703918047646243,0.0,31,1661,7.394536375999451,0.9474016666666667
39,0.2,-353.40059832590487,12,0,1.0,5,2.4,100241.09293178881,27519.068974315247,69391.77693825647,0.16666666666666663,0.11971138431387271,0.019951897385645453,51,1712,7.968049049377441,0.9457866666666667
40,0.4,-352.53841386392577,12,0,1.0,4,3.0,133469.13533160283,30300.0563008582,87480.94062079825,0.0,0.08990842691972277,0.0,41,1753,5.100681304931641,0.9444883333333334
41,0.6,-365.47833809227427,12,0,1.0,4,3.0,120146.70571946897,51753.944153696975,89575.25748367091,0.08333333333333337,0.09987789451355286,0.008323157876129405,36,1789,12.966594219207764,0.9433483333333333
42,0.2,-439.01764620931,12,0,1.0,5,2.4,128457.41854100923,23088.519354976637,49260.339936148346,0.25,0.09341616962487126,0.023354042406217815,44,1833,8.670675992965698,0.941955
43,0.6,-339.87608008990026,12,0,1.0,3,4.0,100020.86252057675,48586.525216628244,92176.66336360094,0.0,0.11997497019715568,0.0,26,1859,0.886994332075119,0.9411316666666667
44,0.6,-375.25190646204885,12,0,1.0,3,4.0,161333.15083866462,51081.46469180045,116874.3014479567,0.0,0.0743802494256135,0.0,27,1886,18.98526358604431,0.9402766666666666
45,0.1,-973.0953350790825,12,0,1.0,7,1.7142857142857142,211536.05865576252,49210.74993797997,81596.69075278443,0.08333333333333337,0.056727917104326286,0.004727326425360524,68,1954,4.050570726394653,0.9381233333333333
46,0.4,-476.26571388980653,12,0,1.0,4,3.0,110091.34466439896,55177.1839672678,75114.96906770997,0.0,0.10900039450495083,0.0,37,1991,16.289320588111877,0.9369516666666666
47,0.6,-579.1799302231668,12,0,1.0,4,3.0,157599.11146541437,72268.24255412149,132170.61272333108,0.0,0.07614256126458833,0.0,45,2036,3.9757399559020996,0.9355266666666666
48,0.2,-417.9176483549948,12,0,1.0,3,4.0,145662.77724573255,55032.73816765734,87656.38446097366,0.0,0.08238206236968863,0.0,27,2063,11.724458694458008,0.9346716666666667
49,0.6,-372.80290535699874,12,0,1.0,3,4.0,134016.44808281187,68747.5861724753,119285.24138243106,0.0,0.08954124789656358,0.0,38,2101,4.764480426907539,0.9334683333333333
50,0.4,-320.0067158006167,12,0,1.0,4,3.0,106139.87155392962,46801.9150591204,84534.50825940538,0.0,0.11305836180424249,0.0,39,2140,9.6333487033844,0.9322333333333334
51,0.6,-262.21874758302175,12,0,1.0,3,4.0,98506.39301189996,41147.61790845352,79540.89006395658,0.0,0.12181950463408353,0.0,31,2171,5.930873513221741,0.9312516666666667
52,0.6,-418.14295611654074,12,0,1.0,4,3.0,121904.33960472178,44549.82036848442,93011.50249016636,0.0,0.0984378410064017,0.0,51,2222,13.963343262672424,0.9296366666666667
53,0.2,-514.1591292898752,12,0,1.0,4,3.0,118643.09471594614,66528.18716514122,93615.31882595339,0.0,0.10114368669099753,0.0,38,2260,1.604784056544304,0.9284333333333333
54,0.4,-387.39584483420407,12,0,1.0,3,4.0,107764.67591797723,52880.767443599296,75161.32291475884,0.0,0.11135374275271373,0.0,33,2293,14.381339073181152,0.9273883333333334
55,0.6,-452.7890081252855,12,0,1.0,3,4.0,105785.66904206408,63141.91689160042,79026.41467357497,0.0,0.11343691549777295,0.0,26,2319,14.001813888549805,0.926565
56,0.4,-438.9296860627196,12,0,1.0,3,4.0,153269.07017320377,56729.861292899936,94097.17143977678,0.0,0.07829368304015441,0.0,39,2358,7.234004631638527,0.92533
57,0.4,-410.0675306750127,12,0,1.0,3,4.0,121700.19400217166,38823.39248953826,72913.08026366992,0.0,0.09860296524906006,0.0,31,2389,8.194994926452637,0.9243483333333333
58,0.1,-586.0245251723137,12,0,1.0,9,1.3333333333333333,130673.84041633666,22272.155920295296,42053.01083101373,0.08333333333333337,0.09183169302874315,0.007652641085728596,75,2464,13.250490427017212,0.9219733333333333
59,0.6,-270.5739911875503,12,0,1.0,3,4.0,114350.77729861895,46956.96676543469,102725.81482474906,0.0,0.1049402573684554,0.0,26,2490,0.5454497933387756,0.92115
60,0.2,-578.5006040512205,12,0,1.0,3,4.0,157367.41033906958,62959.222490181455,119946.20949618866,0.0,0.07625467035483624,0.0,38,2528,10.926308631896973,0.9199466666666667
61,0.2,-494.7115178238386,12,0,1.0,4,3.0,134005.9532113364,55538.15528639176,100364.07964996481,0.0,0.08954826044985624,0.0,44,2572,33.82580757141113,0.9185533333333333
62,0.2,-436.852304878293,12,0,1.0,3,4.0,106723.65491168198,35603.48475122096,59957.92349278981,0.0,0.11243992730506158,0.0,30,2602,18.681495666503906,0.9176033333333333
63,0.4,-487.4989685647173,12,0,1.0,3,4.0,134300.9721587787,70810.0654777504,96603.28811912768,0.0,0.08935154978485842,0.0,34,2636,27.959888458251953,0.9165266666666667
64,0.2,-314.87618910615646,12,0,1.0,5,2.4,70926.14825434654,24050.700988299825,41852.82484077485,0.16666666666666663,0.16919007016942594,0.02819834502823766,45,2681,14.02049446105957,0.9151016666666667
65,0.6,-292.57460502338273,12,0,1.0,3,4.0,75573.95465859328,42625.153194406164,61193.01508174312,0.0,0.1587848625126238,0.0,34,2715,5.207685470581055,0.914025
66,0.4,-267.0578265077562,12,0,1.0,5,2.4,88729.52741084067,26792.676901717856,74784.92208064953,0.08333333333333337,0.1352424649399618,0.011270205411663485,47,2762,2.932931736111641,0.9125366666666667
67,0.1,-630.5999969384666,12,0,1.0,4,3.0,189783.4485483601,56155.59149964052,90169.1656078897,0.0,0.06322996073570764,0.0,44,2806,3.5210192501544952,0.9111433333333333
68,0.4,-482.4474410769326,12,0,1.0,5,2.4,173948.10505103832,61291.535809112676,136255.01818161958,0.0,0.06898609212488441,0.0,48,2854,5.033001244068146,0.9096233333333333
69,0.1,-915.6267535033085,12,0,1.0,8,1.5,214405.35004493428,33485.364706441294,48001.015584984336,0.0,0.055968752633668344,0.0,82,2936,0.9416662305593491,0.9070266666666666
70,0.1,-611.8124044044249,12,0,1.0,8,1.5,145819.0041903141,27546.91327241556,56040.79313608298,0.08333333333333337,0.08229380022605509,0.0068578166855045915,87,3023,4.749451696872711,0.9042716666666667
71,0.1,-718.3359985588296,12,0,1.0,7,1.7142857142857142,161511.90323382383,33450.46121910479,55570.82508644845,0.0,0.07429792950075867,0.0,72,3095,2.0318739116191864,0.9019916666666666
72,0.1,-552.4018166638461,12,0,1.0,8,1.5,167971.7030678789,28250.588117352763,62488.930602682834,0.16666666666666663,0.07144060446390003,0.011906767410650006,73,3168,5.346082225441933,0.89968
73,0.4,-417.6816819515427,12,0,1.0,4,3.0,135519.76471427435,40332.952514716075,91694.17225395681,0.08333333333333337,0.08854796955485,0.007378997462904166,39,3207,13.022944450378418,0.898445
74,0.4,-520.9081794068906,12,0,1.0,3,4.0,119750.68788122736,76301.1984709338,93490.80646542189,0.0,0.10020819264021257,0.0,29,3236,15.157922506332397,0.8975266666666667
75,0.4,-445.0694378894994,12,0,1.0,7,1.7142857142857142,102569.99225300286,35161.675144840796,67599.31421963256,0.0,0.11699328172318046,0.0,70,3306,6.420127630233765,0.89531
76,0.4,-280.16235753862713,12,0,1.0,4,3.0,103226.53854119324,38260.280271345786,93875.04171643268,0.08333333333333337,0.11624917554715176,0.00968743129559598,32,3338,9.01163625717163,0.8942966666666666
77,0.6,-339.74582812704637,12,0,1.0,3,4.0,71430.88430045138,35824.45393520424,58170.91664992219,0.08333333333333337,0.16799456030147691,0.013999546691789742,21,3359,13.500810146331787,0.8936316666666667
78,0.1,-474.8969431871453,12,0,1.0,4,3.0,124205.29503208779,50753.13985016011,71046.90557087031,0.0,0.09661423852259972,0.0,39,3398,9.17773151397705,0.8923966666666667
79,0.6,-513.4372839592779,12,0,1.0,3,4.0,102945.45000923277,42207.38210042891,97567.71950357087,0.0,0.11656658938227739,0.0,35,3433,5.278830289840698,0.8912883333333333
80,0.1,-411.88521446030074,12,0,1.0,7,1.7142857142857142,100131.4561485058,23147.839314030425,41462.06288993521,0.0,0.11984245971817988,0.0,68,3501,6.674926042556763,0.889135
81,0.1,-828.0857366831212,12,0,1.0,8,1.5,210427.8145906541,30872.279130210733,56698.393059567825,0.0,0.05702668168342497,0.0,82,3583,16.565693855285645,0.8865383333333333
82,0.4,-595.3029255408139,12,0,1.0,4,3.0,183331.68029877375,61499.25869567087,116351.76794763765,0.0,0.06545513563418895,0.0,44,3627,5.902448415756226,0.8851450000000001
83,0.1,-410.5288723649449,12,0,1.0,10,1.2,161351.08652395333,16145.771813644786,47056.49696827337,0.25,0.07437198136387227,0.018592995340968067,96,3723,12.006967067718506,0.882105
84,0.4,-339.52946206353994,12,0,1.0,3,4.0,102822.65218536013,42918.52480611048,83458.15841714056,0.0,0.11670580115330421,0.0,37,3760,11.736994683742523,0.8809333333333333
85,0.1,-442.84268370089535,12,0,1.0,5,2.4,118579.1675935822,33443.65546797768,54421.21641558329,0.08333333333333337,0.10119821418487905,0.008433184515406587,44,3804,23.392963409423828,0.87954
86,0.4,-426.5609632041069,12,0,1.0,3,4.0,105994.79914441209,51469.32524018437,88976.68527054731,0.0,0.11321310193390395,0.0,27,3831,13.551294803619385,0.8786849999999999
87,0.1,-500.1162503768876,12,0,1.0,4,3.0,148048.33790796428,59407.337186813886,106069.6969591323,0.0,0.08105460803930079,0.0,44,3875,24.683131217956543,0.8772916666666667
88,0.2,-433.15670980885125,12,0,1.0,4,3.0,114387.38580308633,40957.08208440061,62070.93464900454,0.0,0.10490667232012416,0.0,42,3917,27.410350799560547,0.8759616666666666
89,0.4,-450.94857482438863,12,0,1.0,3,4.0,131547.99255100786,76952.42722634795,111816.96714241759,0.0,0.09122146045175861,0.0,32,3949,7.315689206123352,0.8749483333333333
90,0.4,-610.3532489841839,12,0,1.0,3,4.0,160061.6428393118,86681.15786739002,127062.74622606774,0.0,0.07497111604712801,0.0,28,3977,5.616652011871338,0.8740616666666667
91,0.4,-688.2874624088417,12,0,1.0,4,3.0,147434.99571969087,52775.11433464016,114273.94317408363,0.0,0.08139180213912621,0.0,45,4022,2.1777589917182922,0.8726366666666667
92,0.1,-873.7596665978449,12,0,1.0,5,2.4,227931.76531048722,78647.03602932785,134483.4454690158,0.0,0.052647334976121805,0.0,66,4088,7.420271322131157,0.8705466666666667
93,0.4,-634.468096128533,12,0,1.0,3,4.0,190034.4534946424,85738.40885908068,164937.69492586688,0.0,0.0631464441280292,0.0,30,4118,0.3887316584587097,0.8695966666666667
94,0.4,-676.0680526067882,12,0,1.0,4,3.0,142558.97021052253,53235.20395457655,109857.61332375857,0.0,0.08417569222251761,0.0,35,4153,2.082363784313202,0.8684883333333333
95,0.2,-464.0877979710266,12,0,1.0,5,2.4,111614.27331517515,44724.65037484097,74490.36660751201,0.0,0.10751313110389146,0.0,49,4202,7.8602776527404785,0.8669366666666667
96,0.4,-645.3875878973922,12,0,1.0,4,3.0,169587.5373123341,65510.10120373246,149940.10321388234,0.08333333333333337,0.07075991661992982,0.0058966597183274854,34,4236,4.81950044631958,0.8658600000000001
97,0.2,-516.9085355922965,12,0,1.0,6,2.0,111041.32823466904,30023.396986326377,49113.35062681201,0.0,0.10806787158236991,0.0,62,4298,1.883016288280487,0.8638966666666666
98,0.2,-291.8768434142798,12,0,1.0,4,3.0,82615.80045410676,31021.402313898743,52006.54185205435,0.08333333333333337,0.1452506655390457,0.012104222128253806,36,4334,17.908298552036285,0.8627566666666666
99,0.4,-409.4713809347971,12,0,1.0,3,4.0,112347.94414043095,59299.951909922216,86952.40096467786,0.0,0.10681103327534347,0.0,35,4369,4.892806053161621,0.8616483333333333
100,0.6,-382.1601447267233,12,0,1.0,3,4.0,103685.0361235335,35402.21890557187,82452.57347418433,0.0,0.11573511905520131,0.0,28,4397,1.8091743439435959,0.8607616666666666
101,0.4,-268.8949511887054,12,0,1.0,3,4.0,93510.43154775354,38062.20517812626,73872.71371788447,0.0,0.12832792878163424,0.0,27,4424,7.563815951347351,0.8599066666666667
102,0.6,-497.2145686102027,12,0,1.0,3,4.0,137425.48997628756,83482.06132960004,123256.86412866956,0.0,0.0873200452264756,0.0,29,4453,10.33891248703003,0.8589883333333334
103,0.6,-367.14341491851826,12,0,1.0,3,4.0,134971.1758137633,58506.72353243909,120975.14586975647,0.0,0.08890787183004102,0.0,34,4487,16.78326416015625,0.8579116666666666
104,0.6,-288.0896503956354,12,0,1.0,4,3.0,84869.42937515189,52882.52147149161,75700.49764829536,0.08333333333333337,0.14139366893767955,0.011782805744806628,34,4521,5.7053927183151245,0.856835
105,0.1,-624.8425687650943,12,0,1.0,5,2.4,211383.13252830546,60272.26447274218,118876.51902663991,0.0,0.056768957184382386,0.0,59,4580,17.81355571746826,0.8549666666666667
106,0.4,-336.1455239829714,12,0,1.0,4,3.0,113846.05736820477,56938.30952947043,91067.38701718448,0.0,0.10540549473039013,0.0,36,4616,5.727606184780598,0.8538266666666666
107,0.2,-611.5883715170447,12,0,1.0,3,4.0,158602.48976913185,59715.633597804,96089.94393783668,0.0,0.07566085511941006,0.0,31,4647,7.607214376330376,0.852845
108,0.1,-603.0397392069126,12,0,1.0,6,2.0,226516.59391654094,48784.35359903686,111728.70159248487,0.08333333333333337,0.052976251287008794,0.004414687607250733,62,4709,3.010222613811493,0.8508816666666666
109,0.4,-494.478646508977,12,0,1.0,4,3.0,153376.05544206116,52042.262284412434,105901.70797716828,0.0,0.07823907040387462,0.0,37,4746,11.365737915039062,0.84971
110,0.2,-402.6291845802103,12,0,1.0,5,2.4,100272.58220282341,35945.53314166795,75384.69831434167,0.0,0.11967379054552872,0.0,54,4800,5.60042667388916,0.848
111,0.6,-291.9674684442682,12,0,1.0,3,4.0,118975.33274501323,39074.76655610051,78514.50266477554,0.0,0.10086124344546514,0.0,33,4833,5.126998379826546,0.846955
112,0.2,-536.7738586485599,12,0,1.0,6,2.0,124147.70057517519,52068.37377331813,89333.7439199709,0.16666666666666663,0.09665905968780822,0.01610984328130137,46,4879,3.779075860977173,0.8454983333333334
113,0.6,-324.87073580897004,12,0,1.0,3,4.0,105276.14425464242,38622.8386415611,81094.8531909392,0.0,0.1139859375071179,0.0,33,4912,9.983274936676025,0.8444533333333333
114,0.6,-271.26350087470814,12,0,1.0,3,4.0,104006.80300536021,54740.7358478407,84148.94523382006,0.0,0.11537706816525795,0.0,32,4944,1.4911093264818192,0.84344
115,0.2,-403.78716695847675,12,0,1.0,4,3.0,137577.54258876195,41193.14928266521,78871.83194847903,0.0,0.08722353789869351,0.0,44,4988,10.281304694712162,0.8420466666666666
116,0.1,-692.2008967719312,12,0,1.0,3,4.0,164584.4467269668,73111.11012163464,110296.32249778336,0.0,0.07291089916841957,0.0,28,5016,6.6351571679115295,0.84116
117,0.1,-621.490481684726,12,0,1.0,6,2.0,176505.29864262053,34939.69677015613,80976.07475705829,0.0,0.06798662755330095,0.0,62,5078,19.530951023101807,0.8391966666666667
118,0.6,-390.7595620178368,12,0,1.0,5,2.4,122221.27748573478,50335.89184138036,107785.78730608079,0.08333333333333337,0.09818257709997014,0.008181881424997511,51,5129,6.234863996505737,0.8375816666666667
119,0.6,-324.42580606619515,12,0,1.0,5,2.4,83864.15557647894,30904.967639437935,67735.67574568346,0.0,0.14308854501082693,0.0,50,5179,3.032566249370575,0.8359983333333334
120,0.1,-717.5980680427917,12,0,1.0,5,2.4,220317.64750721277,47737.180521550785,83573.11231182903,0.0,0.05446681251263426,0.0,50,5229,12.670172691345215,0.834415
121,0.4,-532.193127819954,12,0,1.0,3,4.0,156705.39579340353,71513.71503652814,125291.47521089448,0.08333333333333337,0.07657681434161015,0.00638140119513418,28,5257,0.6303219050168991,0.8335283333333333
122,0.6,-428.0378532621744,12,0,1.0,3,4.0,128812.22378650951,63476.66573554458,107672.02566123137,0.0,0.09315886060540753,0.0,32,5289,5.877299830317497,0.832515
123,0.1,-370.265584502048,12,0,1.0,4,3.0,133495.83931731666,41659.042252284526,77681.24352284259,0.0,0.08989044198955343,0.0,38,5327,17.714677810668945,0.8313116666666667
124,0.2,-655.7761726763533,12,0,1.0,3,4.0,184827.86082074256,80027.37502874683,158828.8979014882,0.08333333333333337,0.06492527666939964,0.00541043972244997,31,5358,7.320379018783569,0.83033
125,0.1,-646.5868588744938,12,0,1.0,7,1.7142857142857142,161916.98279841835,29202.49168624652,47702.70233083024,0.0,0.074112052933568,0.0,70,5428,7.151834011077881,0.8281133333333334
126,0.4,-452.9315710059291,12,0,1.0,3,4.0,123948.90996950761,45906.81024187648,74428.82273835764,0.0,0.09681408253571647,0.0,26,5454,13.367332935333252,0.8272900000000001
127,0.6,-569.1223077349163,12,0,1.0,4,3.0,177151.8483782667,90799.41612045078,148097.10255752524,0.0,0.06773849728271976,0.0,43,5497,19.362756967544556,0.8259283333333334
128,0.6,-347.15848365435403,12,0,1.0,3,4.0,101846.98604920643,42653.65414907758,87710.1536568916,0.0,0.11782381065456675,0.0,34,5531,3.2398512959480286,0.8248516666666666
129,0.6,-431.3262143328675,12,0,1.0,3,4.0,124980.03699887858,50846.96342120218,112585.99515524006,0.0,0.09601533403376791,0.0,32,5563,3.8549505174160004,0.8238383333333333
130,0.1,-728.3084276701716,12,0,1.0,5,2.4,189237.70567724272,40565.34140182375,67449.18978939138,0.0,0.06341230970357875,0.0,48,5611,18.811294555664062,0.8223183333333334
131,0.2,-550.6431942862469,12,0,1.0,3,4.0,143481.72896317908,57247.98047882823,89058.0692101689,0.0,0.08363434206371666,0.0,36,5647,11.946426391601562,0.8211783333333333
132,0.6,-470.65693965874493,12,0,1.0,3,4.0,119493.78708742556,61612.85183399945,107012.05672686284,0.0,0.10042363115682665,0.0,34,5681,6.801817834377289,0.8201016666666667
133,0.2,-662.2405746080736,12,0,1.0,4,3.0,144445.18185516138,71543.81448514709,107633.27271338755,0.0,0.08307649895884159,0.0,43,5724,0.5555800795555115,0.81874
134,0.2,-473.4194192484921,12,0,1.0,4,3.0,132371.4556465571,58529.875243156355,91922.51142266867,0.0,0.09065398534289,0.0,35,5759,3.0619531869888306,0.8176316666666666
135,0.4,-547.4363431782011,12,0,1.0,3,4.0,156515.3498057385,66474.36525357902,96928.57065523819,0.0,0.07666979638031664,0.0,30,5789,8.695209741592407,0.8166816666666666
136,0.1,-672.8835256861623,12,0,1.0,7,1.7142857142857142,167785.88696101596,27962.102866513927,45527.67100127209,0.08333333333333337,0.07151972205378708,0.00595997683781559,87,5876,20.260467529296875,0.8139266666666667
137,0.2,-563.0757361567769,12,0,1.0,3,4.0,141774.5847595189,61590.97190852684,108375.69484053552,0.0,0.08464140466610892,0.0,31,5907,23.345995903015137,0.812945
138,0.6,-235.7059468332577,12,0,1.0,3,4.0,84417.58731245893,31679.393878522376,64109.08282520574,0.0,0.14215047340293932,0.0,29,5936,11.876315593719482,0.8120266666666667
139,0.6,-266.14705126372684,12,0,1.0,5,2.4,76571.57748212191,36794.75671427031,61671.71430967013,0.0,0.1567161131400458,0.0,50,5986,3.1606956124305725,0.8104433333333334
140,0.1,-491.8569542557445,12,0,1.0,7,1.7142857142857142,117974.57365154152,21193.39714679783,32927.398000644316,0.0,0.10171683294608966,0.0,57,6043,7.7144176959991455,0.8086383333333333
141,0.6,-266.5711553045072,12,0,1.0,3,4.0,84783.14843157501,31341.85688285759,71815.8869693532,0.0,0.14153756049393124,0.0,29,6072,14.04395341873169,0.80772
142,0.2,-537.7847688690326,12,0,1.0,5,2.4,184828.68240808864,60860.44129328808,137801.53078564207,0.0,0.06492498806816602,0.0,42,6114,8.315502375364304,0.8063899999999999
143,0.1,-594.2718493007327,12,0,1.0,6,2.0,180810.01280626733,33066.40486804422,59703.1736305793,0.08333333333333337,0.06636800591822119,0.005530667159851766,67,6181,5.02289080619812,0.8042683333333334
144,0.2,-456.24847641881024,12,0,1.0,4,3.0,157821.6514875644,44518.73840157597,115746.66306931485,0.0,0.07603519470803119,0.0,45,6226,3.6842532753944397,0.8028433333333334
145,0.4,-270.1311562720733,12,0,1.0,4,3.0,94478.63496202051,33384.110350643336,68977.74056732697,0.08333333333333337,0.12701284269003127,0.010584403557502606,34,6260,1.030473679304123,0.8017666666666667
146,0.1,-655.2618463049491,12,0,1.0,6,2.0,170493.09211785306,30318.232877811624,62941.743244792386,0.0,0.0703840833135047,0.0,64,6324,12.766689658164978,0.79974
147,0.4,-610.5600382498011,12,0,1.0,4,3.0,148218.00564012342,96397.37275943941,131288.28318438673,0.0,0.08096182341797437,0.0,41,6365,10.20650315284729,0.7984416666666667
148,0.2,-591.4959472837725,12,0,1.0,4,3.0,164002.34338696682,59446.02584099034,104018.20738466947,0.08333333333333337,0.07316968618970132,0.006097473849141777,46,6411,12.097951889038086,0.796985
149,0.2,-587.5714167000493,12,0,1.0,3,4.0,164146.93004768205,75156.19876872595,112395.7204602269,0.0,0.07310523563562348,0.0,34,6445,18.36703872680664,0.7959083333333333
150,0.4,-563.6041669325758,12,0,1.0,3,4.0,167292.0088179113,96088.276101131,135758.70440989497,0.0,0.07173086201063782,0.0,35,6480,8.917377710342407,0.7948
151,0.4,-535.9679834168077,12,0,1.0,3,4.0,134893.7431282965,79865.3006654299,106918.25810713098,0.0,0.08895890737190741,0.0,34,6514,1.0411205887794495,0.7937233333333333
152,0.1,-611.9647903796354,12,0,1.0,9,1.3333333333333333,147197.63799231595,17623.75974555842,31521.209072871905,0.0,0.08152304726945706,0.0,87,6601,19.833308219909668,0.7909683333333334
153,0.1,-605.6954212150906,12,0,1.0,3,4.0,185749.08930190632,68648.88882721541,96303.4989971587,0.0,0.06460327770703556,0.0,34,6635,10.145454406738281,0.7898916666666667
154,0.4,-347.6934894868262,12,0,1.0,3,4.0,105352.76425345022,36938.24891588934,75143.483276447,0.0,0.1139030388526992,0.0,37,6672,9.404831349849701,0.7887200000000001
155,0.6,-509.361418546279,12,0,1.0,5,2.4,126348.65029594046,48371.42604379067,95949.10118244997,0.0,0.09497529235091129,0.0,43,6715,16.245738983154297,0.7873583333333334
156,0.4,-293.7994924439134,12,0,1.0,3,4.0,78567.37005689905,37873.65414602332,61776.015480082046,0.0,0.15273516208203883,0.0,27,6742,5.078443765640259,0.7865033333333333
157,0.4,-633.615701665655,12,0,1.0,3,4.0,208201.3269102798,105654.21728571008,167170.2269411046,0.0,0.057636520276218794,0.0,34,6776,5.665246248245239,0.7854266666666667
158,0.2,-350.63017796786824,12,0,1.0,4,3.0,114467.12050628936,51481.216001360095,94976.54575432155,0.0,0.10483359716680095,0.0,45,6821,6.737226486206055,0.7840016666666667
159,0.2,-526.2545886400413,12,0,1.0,3,4.0,139003.95752441906,55375.47357933799,82238.96980010127,0.0,0.08632847735930065,0.0,33,6854,15.826028063893318,0.7829566666666666
160,0.6,-294.3457773535274,12,0,1.0,3,4.0,105678.70404636445,38626.84040671988,84624.2820038319,0.0,0.11355173313570571,0.0,30,6884,1.7996821105480194,0.7820066666666666
161,0.2,-359.55546239436575,12,0,1.0,5,2.4,100078.63761337909,27169.10789062825,44774.3128665199,0.0,0.11990570901212759,0.0,60,6944,8.297256708145142,0.7801066666666667
162,0.4,-545.8715005346492,12,0,1.0,4,3.0,148138.9595987321,51668.21399457561,108230.32457759077,0.0,0.08100502415100468,0.0,49,6993,8.926235437393188,0.778555
163,0.2,-277.4896951712422,12,0,1.0,4,3.0,68183.67796337581,21206.46278294709,34297.739095358,0.0,0.17599519941481714,0.0,52,7045,12.176181077957153,0.7769083333333333
164,0.1,-530.0797191132128,12,0,1.0,4,3.0,138267.9460721158,38198.09691963191,64120.65572275431,0.0,0.08678801082169264,0.0,47,7092,18.822157382965088,0.77542
165,0.2,-378.3565468852522,12,0,1.0,3,4.0,158719.44213179545,56144.75100634776,97933.24935455962,0.0,0.07560510444609293,0.0,32,7124,10.738670632243156,0.7744066666666667
166,0.1,-352.1042356019329,12,0,1.0,4,3.0,123201.90975148247,34151.419300579546,54956.38373446451,0.08333333333333337,0.09740108756597911,0.008116757297164925,34,7158,20.0843448638916,0.7733300000000001
167,0.6,-380.28511536237215,12,0,1.0,3,4.0,119093.07942225348,55720.26231674426,89505.87186640468,0.0,0.10076152248488845,0.0,30,7188,11.45604294538498,0.7723800000000001
168,0.1,-504.6682657373534,12,0,1.0,6,2.0,128079.67641844513,32224.265701533805,53854.474700360115,0.08333333333333337,0.09369167955105674,0.007807639962588062,61,7249,4.172116369009018,0.7704483333333334
169,0.1,-653.4823339254864,12,0,1.0,4,3.0,141503.77362358768,51641.45170148524,77380.44405088626,0.0,0.08480339211250325,0.0,44,7293,4.7992570996284485,0.769055
170,0.4,-290.3366481113951,12,0,1.0,3,4.0,130079.4385628511,28617.9952807534,80271.64266623286,0.0,0.09225132067434243,0.0,32,7325,3.4109209775924683,0.7680416666666667
171,0.2,-508.2414080709615,12,0,1.0,3,4.0,130119.05757067593,68126.74975804392,87964.17700640492,0.0,0.09222323173899441,0.0,28,7353,13.174066543579102,0.767155
172,0.1,-532.4433432470923,12,0,1.0,6,2.0,161007.7698317385,30648.97662270274,53172.45230467593,0.0,0.07453056465871569,0.0,60,7413,1.2089811712503433,0.765255
173,0.6,-321.85364264813455,12,0,1.0,4,3.0,103292.6698642848,47923.129311304125,82308.84272708365,0.0,0.11617474904818201,0.0,50,7463,9.92358112335205,0.7636716666666667
174,0.1,-776.4724444088615,12,0,1.0,7,1.7142857142857142,211756.21915893987,29266.84968199566,55146.39163121014,0.08333333333333337,0.05666893774200344,0.004722411478500286,85,7548,9.086686849594116,0.76098
175,0.2,-624.0577534426658,12,0,1.0,3,4.0,181171.33725589383,94441.31005468925,139861.98727751785,0.0,0.06623564290995274,0.0,36,7584,2.722311057150364,0.75984
176,0.6,-393.8608255768371,12,0,1.0,3,4.0,114535.50928520155,53409.24621110642,95953.59333014418,0.0,0.10477100136796133,0.0,32,7616,11.567291736602783,0.7588266666666666
177,0.4,-289.6824649230317,12,0,1.0,3,4.0,58645.7079473362,30260.216023909918,52505.04085030476,0.0,0.20461855470780554,0.0,27,7643,30.515594005584717,0.7579716666666667
178,0.2,-495.15949171850417,12,0,1.0,5,2.4,131526.8150565891,55628.49634435186,95738.26777704699,0.0,0.09123614827012293,0.0,54,7697,3.599117934703827,0.7562616666666667
179,0.1,-709.9539805485547,12,0,1.0,7,1.7142857142857142,177237.51048271963,39364.788935767625,77589.07585360522,0.0,0.06770575803799715,0.0,75,7772,3.334048867225647,0.7538866666666667
180,0.2,-449.2401944718531,12,0,1.0,6,2.0,143787.4224772885,33820.086517940166,78411.45806858734,0.0,0.08345653460681114,0.0,69,7841,42.6649055480957,0.7517016666666667
181,0.2,-529.6563670644526,12,0,1.0,4,3.0,140858.48792978108,54031.32735454707,90613.56919600624,0.0,0.08519188425465764,0.0,40,7881,14.972852855920792,0.750435
182,0.6,-610.1796958455527,12,0,1.0,3,4.0,134544.98371981364,57420.18499922877,105351.35488227752,0.0,0.08918950129712515,0.0,37,7918,0.7405537664890289,0.7492633333333334
183,0.4,-325.7149350117035,12,0,1.0,3,4.0,146684.57240939987,54631.77060682432,121215.60740620937,0.0,0.08180819429672356,0.0,37,7955,12.843426838517189,0.7480916666666667
184,0.2,-738.3706592002123,12,0,1.0,3,4.0,165240.09817477124,110449.62656108911,133235.88861026725,0.0,0.0726215981021013,0.0,33,7988,4.940680533647537,0.7470466666666666
185,0.2,-534.8271444366611,12,0,1.0,5,2.4,125690.543898862,57787.02983768198,80126.6326721142,0.0,0.09547257596129033,0.0,51,8039,10.043447971343994,0.7454316666666667
186,0.2,-445.0422955941763,12,0,1.0,5,2.4,156457.64995063454,40537.617436646986,97070.22986625483,0.0,0.07669807135532354,0.0,64,8103,6.904106557369232,0.743405
187,0.4,-339.1808262240968,12,0,1.0,4,3.0,72589.46757460912,33080.09839392551,61933.38979566643,0.0,0.16531323897184017,0.0,39,8142,1.3424997925758362,0.74217
188,0.2,-630.344604357691,12,0,1.0,5,2.4,153215.43622566742,41150.912000378295,86316.29098691724,0.0,0.07832109019567376,0.0,56,8198,5.676202587783337,0.7403966666666667
189,0.2,-265.22237103482655,12,0,1.0,3,4.0,125883.02803281971,61012.82064935442,101876.20972804482,0.0,0.0953265915789014,0.0,25,8223,23.542014598846436,0.7396050000000001
190,0.4,-275.8626291252648,12,0,1.0,4,3.0,93190.95839906437,36837.76616761373,62957.79176472377,0.08333333333333337,0.12876785694823886,0.010730654745686572,43,8266,6.4387456476688385,0.7382433333333334
191,0.6,-731.79648463335,12,0,1.0,3,4.0,197726.13269966684,135086.31482448164,179269.81009151277,0.0,0.06069000509015782,0.0,34,8300,21.832218170166016,0.7371666666666667
192,0.6,-439.7444822904572,12,0,1.0,4,3.0,121696.42079768522,41052.1199274119,87949.38409901295,0.0,0.09860602243963654,0.0,49,8349,14.064795970916748,0.735615
193,0.4,-654.8495658122154,12,0,1.0,4,3.0,171094.1708812642,62943.88746626384,140438.51665186373,0.08333333333333337,0.07013681376864528,0.00584473448072044,44,8393,4.0499842166900635,0.7342216666666667
194,0.2,-423.16117168353026,12,0,1.0,5,2.4,158057.7861828507,37276.59255920125,86294.83330498515,0.0,0.07592159987688099,0.0,64,8457,14.479175329208374,0.732195
195,0.2,-524.7861057277756,12,0,1.0,5,2.4,143737.54870880838,34088.32109879537,80183.55052052664,0.0,0.0834854921890332,0.0,57,8514,7.554781794548035,0.7303900000000001
196,0.4,-487.81877105954794,12,0,1.0,3,4.0,189208.25497347492,72254.24611419458,141770.20969165154,0.0,0.06342217997667321,0.0,42,8556,4.663232445716858,0.72906
197,0.4,-236.59811700611743,12,0,1.0,5,2.4,64467.63337211173,20787.03436081004,35581.61269296773,0.0,0.18613991816226838,0.0,57,8613,3.4720639884471893,0.727255
198,0.2,-468.9015948824783,12,0,1.0,4,3.0,132674.90847297717,44350.9957482487,70506.73608670621,0.0,0.09044664238411082,0.0,46,8659,9.689733028411865,0.7257983333333333
199,0.4,-448.277803543633,12,0,1.0,3,4.0,163073.29199108115,60447.95041846975,147725.56663195378,0.0,0.07358654414517068,0.0,33,8692,15.381288051605225,0.7247533333333334
200,0.2,-460.04179252138823,12,0,1.0,3,4.0,130619.25092164757,41113.91738814348,88030.70471511714,0.0,0.09187007210137994,0.0,37,8729,10.570387840270996,0.7235816666666667
201,0.2,-367.95734900603463,12,0,1.0,5,2.4,112652.41023131112,32253.998260555305,76515.28257581113,0.0,0.10652235469583114,0.0,50,8779,11.782022953033447,0.7219983333333333
202,0.1,-725.8660404250326,12,0,1.0,4,3.0,183585.30799022288,66520.41382266145,101174.29094137636,0.0,0.0653647077283498,0.0,51,8830,10.671705067157745,0.7203833333333334
203,0.2,-362.31463110626396,12,0,1.0,4,3.0,102976.9117694262,34651.2693836696,72338.85579525871,0.08333333333333337,0.1165309756702453,0.009710914639187107,41,8871,12.588248908519745,0.719085
204,0.1,-698.200091634691,12,0,1.0,5,2.4,195848.2570970949,49734.82800590273,86437.98156262371,0.0,0.061271926428483905,0.0,67,8938,15.30209493637085,0.7169633333333334
205,0.2,-376.45307602694743,12,0,1.0,4,3.0,104837.0438644084,30520.57478163822,55709.75714250373,0.08333333333333337,0.1144633572033972,0.009538613100283101,44,8982,21.6263747215271,0.71557
206,0.1,-532.6969564337174,12,0,1.0,6,2.0,162926.26511961117,30612.74963820894,65077.94242977548,0.0,0.07365294964068736,0.0,67,9049,3.8892238587141037,0.7134483333333334
207,0.2,-407.856744819235,12,0,1.0,7,1.7142857142857142,88615.4820797572,16777.05144435517,51110.152858979964,0.0,0.13541651772767604,0.0,63,9112,3.1454432159662247,0.7114533333333333
208,0.1,-491.706603262841,12,0,1.0,4,3.0,153339.31150615442,47103.654812684515,84674.42072640662,0.08333333333333337,0.07825781844284835,0.006521484870237363,45,9157,9.518117904663086,0.7100283333333333
209,0.2,-334.4602138629832,12,0,1.0,6,2.0,108593.2865304157,22885.602860118775,54599.7668626541,0.08333333333333337,0.11050406874497662,0.00920867239541472,59,9216,9.5637047290802,0.70816
210,0.6,-520.1159349018187,12,0,1.0,3,4.0,148239.1856131471,85498.49927547123,121281.36306214819,0.0,0.08095025583394556,0.0,31,9247,12.27775239944458,0.7071783333333332
211,0.1,-544.7720759692972,12,0,1.0,5,2.4,153874.2478050052,54925.90112121645,91276.73559159333,0.0,0.07798575896342848,0.0,56,9303,5.5035622119903564,0.7054050000000001
212,0.6,-790.0496659294491,12,0,1.0,3,4.0,226037.4415676463,139748.24430037945,189026.14301979868,0.0,0.05308854991799558,0.0,43,9346,12.659061908721924,0.7040433333333334
213,0.6,-382.5650097248923,12,0,1.0,3,4.0,131191.6016151636,38250.47996719971,84672.09438558607,0.0,0.09146926977231898,0.0,40,9386,11.572805911302567,0.7027766666666666
214,0.2,-534.3659872288872,12,0,1.0,3,4.0,178543.04911743244,64860.03227724391,105677.73731253523,0.0,0.06721068145367723,0.0,35,9421,1.5741767585277557,0.7016683333333333
215,0.6,-535.4156595123939,12,0,1.0,4,3.0,165588.60227655957,72229.74276155984,140215.83573303805,0.0,0.07246875591085715,0.0,49,9470,3.27071151137352,0.7001166666666667
216,0.1,-433.3044362041139,12,0,1.0,4,3.0,149534.51620871256,52783.10274830332,93898.367646415,0.0,0.08024903082075725,0.0,47,9517,12.685941219329834,0.6986283333333334
217,0.6,-301.46409607968457,12,0,1.0,3,4.0,86720.16333953926,43030.34258884225,77733.98987037856,0.0,0.1383761231285494,0.0,55,9572,18.970207452774048,0.6968866666666667
218,0.1,-485.93445423863693,12,0,1.0,6,2.0,134575.98851080966,35225.98646318818,60059.23147469596,0.0,0.08916895304124862,0.0,76,9648,6.562764585018158,0.69448
219,0.2,-502.22998793917964,12,0,1.0,8,1.5,138947.68975257454,25725.82206687755,66863.75521670913,0.16666666666666663,0.08636343663841056,0.01439390610640176,79,9727,10.408463478088379,0.6919783333333334
220,0.1,-598.7578807197965,12,0,1.0,5,2.4,137212.1024866998,40490.681706085335,67297.67187498295,0.08333333333333337,0.08745584232384443,0.007287986860320369,58,9785,2.7009279131889343,0.6901416666666667
221,0.4,-467.0526119037637,12,0,1.0,3,4.0,132475.92350073176,44982.13896540179,83126.81218906208,0.0,0.09058249742968362,0.0,39,9824,4.80680513381958,0.6889066666666667
222,0.4,-363.71757729786805,12,0,1.0,3,4.0,160330.2374429627,67759.80637321838,121859.62617030539,0.08333333333333337,0.07484552004277413,0.006237126670231178,37,9861,9.578457355499268,0.687735
223,0.4,-216.16934051129016,12,0,1.0,3,4.0,86078.83199534948,39974.87198816601,71354.34147894225,0.0,0.13940709605177165,0.0,44,9905,15.73598337173462,0.6863416666666666
224,0.1,-673.9048641514026,12,0,1.0,4,3.0,193186.2038553839,70754.34735982081,113326.41085912229,0.0,0.0621162368767441,0.0,51,9956,11.695121765136719,0.6847266666666667
225,0.6,-194.90253041023487,12,0,1.0,3,4.0,57267.9896028192,24107.265183155167,52474.80525795536,0.0,0.2095411430229299,0.0,28,9984,12.627796173095703,0.68384
226,0.2,-367.25258593752847,12,0,1.0,5,2.4,126765.95522208145,33083.99813000352,67937.86790164887,0.0,0.09466264013060277,0.0,52,10036,12.20336902141571,0.6821933333333333
227,0.2,-554.4445183336152,12,0,1.0,5,2.4,202187.144219346,55918.350447052566,122119.68143023318,0.0,0.05935095451460359,0.0,82,10118,20.046388149261475,0.6795966666666666
228,0.1,-764.0803958198799,12,0,1.0,12,1.0,203420.1052008628,13225.187843737896,33893.55664674968,0.25,0.058991219123354886,0.014747804780838722,146,10264,7.135579138994217,0.6749733333333333
229,0.4,-239.50108657757562,12,0,1.0,4,3.0,49736.46732303906,25161.74155345066,32220.74397957084,0.0,0.2412716593251352,0.0,35,10299,7.125438064336777,0.673865
230,0.2,-618.1206026281113,12,0,1.0,4,3.0,163787.83429755043,59834.506004671675,106571.63396223124,0.0,0.0732655148135106,0.0,50,10349,5.74111969769001,0.6722816666666667
231,0.4,-283.9869089299448,12,0,1.0,5,2.4,72873.95663520914,27258.189058348657,49847.66141468941,0.0,0.16466788073645208,0.0,56,10405,19.34366798400879,0.6705083333333334
232,0.2,-587.754783278037,12,0,1.0,3,4.0,143944.91194806283,71417.21423176344,111009.5112690502,0.0,0.08336522519343896,0.0,37,10442,9.920554414391518,0.6693366666666667
233,0.1,-574.6006244206557,12,0,1.0,7,1.7142857142857142,123521.87329042704,21492.85411191317,31455.94438600343,0.0,0.09714878571980014,0.0,72,10514,0.29961825907230377,0.6670566666666666
234,0.6,-562.8415588179679,12,0,1.0,4,3.0,181164.7325492479,71502.07978545448,144803.951620189,0.0,0.06623805765693339,0.0,43,10557,14.421355724334717,0.665695
235,0.4,-607.0933247526442,12,0,1.0,4,3.0,153913.35662358013,68231.80249396787,132856.3552183965,0.0,0.07796594306852739,0.0,57,10614,1.0770179331302643,0.6638900000000001
236,0.2,-499.79888735819543,12,0,1.0,4,3.0,149146.69984512287,39498.45820822125,71958.64802773693,0.0,0.08045769710265838,0.0,55,10669,6.140487164258957,0.6621483333333333
237,0.6,-805.3702181435054,12,0,1.0,3,4.0,196691.8850101789,146495.86517947842,183128.44966626205,0.0,0.061009126021538684,0.0,29,10698,11.656288385391235,0.66123
238,0.2,-684.3397861998051,12,0,1.0,7,1.7142857142857142,160535.43660825738,36151.77478270475,63975.27387190812,0.08333333333333337,0.07474985120751067,0.006229154267292555,87,10785,8.113705039024353,0.658475
239,0.2,-510.27349488701293,12,0,1.0,3,4.0,161647.44387385584,59137.27032383421,104704.10036849561,0.0,0.07423563102775935,0.0,36,10821,18.850409507751465,0.657335
240,0.2,-431.62567540212024,12,0,1.0,5,2.4,104192.68030490745,29699.75117314886,47672.861949440055,0.0,0.11517123817991275,0.0,49,10870,22.188550412654877,0.6557833333333334
241,0.1,-686.7177525187792,12,0,1.0,5,2.4,150359.89590134931,42806.00191135758,68704.41854070287,0.0,0.07980851495051024,0.0,61,10931,8.676793873310089,0.6538516666666667
242,0.6,-443.65176044830116,12,0,1.0,3,4.0,125705.96902681942,43713.35932265703,99529.77824700583,0.08333333333333337,0.09546086071250758,0.007955071726042299,48,10979,16.81161117553711,0.6523316666666668
243,0.4,-557.4997986066969,12,0,1.0,3,4.0,131501.57109080034,98373.45360940468,116571.3773567302,0.0,0.09125366260235886,0.0,35,11014,8.987663477659225,0.6512233333333334
244,0.2,-366.9368678861164,12,0,1.0,3,4.0,134903.92032511113,58560.68570046877,88795.0055941533,0.0,0.08895219628221812,0.0,39,11053,16.025957107543945,0.6499883333333334
245,0.1,-688.1063839902519,12,0,1.0,3,4.0,195649.2640572067,85015.34365417124,151911.68915860832,0.0,0.06133424553281872,0.0,28,11081,12.321496486663818,0.6491016666666667
246,0.1,-536.9734278221229,12,0,1.0,5,2.4,151911.9154523952,40464.126571612695,66794.83275406915,0.0,0.07899314523330103,0.0,61,11142,14.0499849319458,0.64717
247,0.2,-748.690788064283,12,0,1.0,3,4.0,232409.9763506463,84322.20724518593,150710.9635608311,0.0,0.051632895405036815,0.0,37,11179,4.05669093132019,0.6459983333333333
248,0.6,-460.3910389232311,12,0,1.0,3,4.0,118300.81259435989,73593.18962608743,98720.7085555142,0.0,0.10143632775496347,0.0,25,11204,7.687727063894272,0.6452066666666667
249,0.4,-223.9820110648634,12,0,1.0,3,4.0,90964.19664139117,28366.001676972952,62513.898681837716,0.0,0.13192003494855992,0.0,36,11240,8.565902471542358,0.6440666666666667
250,0.6,-476.75803884220716,12,0,1.0,3,4.0,135407.27637422545,65256.13671625499,109908.7872250283,0.0,0.0886215299599969,0.0,33,11273,12.948816776275635,0.6430216666666666
251,0.6,-528.5224057708647,12,0,1.0,3,4.0,132765.20803247098,89328.5726575405,117505.2131952193,0.0,0.09038512557495565,0.0,27,11300,6.151701018214226,0.6421666666666668
252,0.6,-281.1010711505852,12,0,1.0,3,4.0,92020.89686756973,29728.77082244842,69999.86885256913,0.0,0.13040516239772787,0.0,29,11329,14.430880069732666,0.6412483333333334
253,0.4,-444.9240329271803,12,0,1.0,3,4.0,157585.23315121987,71646.15754610086,127023.18011508975,0.0,0.07614926703496841,0.0,39,11368,8.33905553817749,0.6400133333333333
254,0.1,-772.8813037964778,12,0,1.0,8,1.5,157247.06284953625,21299.58542154272,52542.72008778923,0.0,0.07631303111513342,0.0,104,11472,9.897153615951538,0.63672
255,0.4,-464.3381779425888,12,0,1.0,3,4.0,111766.97511523105,42394.30616739231,102896.98959556755,0.0,0.10736624112469784,0.0,41,11513,13.727074146270752,0.6354216666666668
256,0.4,-506.9643676827208,12,0,1.0,3,4.0,127205.12079594655,87607.97785885767,112222.70835829394,0.0,0.0943358248859301,0.0,36,11549,5.419290125370026,0.6342816666666666
257,0.2,-698.5766779376039,12,0,1.0,4,3.0,208416.2570238933,84824.08680115007,139883.2132622856,0.08333333333333337,0.05757708238001939,0.004798090198334949,50,11599,11.186452865600586,0.6326983333333334
258,0.6,-511.8879417456835,12,0,1.0,3,4.0,165663.7292492434,81629.93772051616,142070.28973974483,0.08333333333333337,0.07243589199869956,0.006036324333224963,31,11630,3.0486525297164917,0.6317166666666667
259,0.6,-627.0611853043365,12,0,1.0,4,3.0,174192.45386621897,59513.89188713045,157134.7688315432,0.0,0.06888932174533854,0.0,57,11687,15.879294455051422,0.6299116666666666
260,0.2,-558.2771854735448,12,0,1.0,3,4.0,171946.01550966362,89499.93398385751,133317.6113642881,0.0,0.06978934617607108,0.0,45,11732,9.201881170272827,0.6284866666666666
261,0.4,-386.10713937158533,12,0,1.0,3,4.0,111365.68502239302,49459.87003187905,75974.07576780714,0.0,0.10775311980155361,0.0,32,11764,10.783173561096191,0.6274733333333333
262,0.6,-309.30876921904564,12,0,1.0,3,4.0,76729.71806901672,34068.16758336946,71603.97737922211,0.08333333333333337,0.15639311992787802,0.013032759993989835,30,11794,13.661673963069916,0.6265233333333333
263,0.4,-336.03408369131455,12,0,1.0,3,4.0,134445.85144214326,57083.1186461168,91212.49327362972,0.0,0.08925526426647697,0.0,36,11830,11.40372896194458,0.6253833333333334
264,0.2,-734.9246267004827,12,0,1.0,5,2.4,193888.47171585064,65483.0577363639,120008.79468143107,0.0,0.06189125064426914,0.0,51,11881,7.3470985889434814,0.6237683333333333
265,0.6,-375.6511230860229,12,0,1.0,3,4.0,139270.83156575685,56566.394995785835,110091.64387834523,0.0,0.08616305270162898,0.0,36,11917,12.98600149154663,0.6226283333333333
266,0.4,-495.9746002616815,12,0,1.0,4,3.0,148048.27299162073,67313.01013135134,119630.28768606459,0.0,0.08105464358020022,0.0,63,11980,11.333898067474365,0.6206333333333334
267,0.1,-977.5910744725386,12,0,1.0,6,2.0,216820.65218049835,51269.44095671111,70972.39264964618,0.0,0.055345281361898445,0.0,59,12039,6.805771589279175,0.618765
268,0.6,-505.7831287220177,12,0,1.0,3,4.0,119426.86175246642,72790.6942380185,109335.37930815705,0.0,0.1004799073165981,0.0,39,12078,15.685397148132324,0.61753
269,0.1,-494.7133065181597,12,0,1.0,3,4.0,143955.0666517955,47686.20316773398,94387.55859627386,0.0,0.08335934454482313,0.0,40,12118,16.48710823059082,0.6162633333333334
270,0.6,-453.1387574016835,12,0,1.0,3,4.0,118653.27348963545,75260.35543027917,103984.19430225402,0.0,0.10113500999235574,0.0,33,12151,3.542102813720703,0.6152183333333333
271,0.4,-698.9912211414957,12,0,1.0,3,4.0,199536.71328039502,106846.0303963931,163481.1893820957,0.0,0.06013930871527004,0.0,44,12195,10.53433245420456,0.6138250000000001
272,0.4,-338.92278529343673,12,0,1.0,3,4.0,99708.50190175476,36565.343439134995,62680.61610992501,0.0,0.12035082035255024,0.0,36,12231,11.647721230983734,0.612685
273,0.2,-465.727183075062,12,0,1.0,4,3.0,136729.62652808355,65004.29234371897,101146.99327176299,0.0,0.08776444655566483,0.0,39,12270,7.8849852085113525,0.61145
274,0.2,-679.1992916093774,12,0,1.0,3,4.0,180819.577528605,91904.72003051499,118363.5995703766,0.0,0.06636449528315949,0.0,30,12300,13.115331649780273,0.6105
275,0.1,-624.301364757285,12,0,1.0,3,4.0,210578.9496754728,74166.34674034313,133688.5904296986,0.0,0.05698575293728754,0.0,52,12352,6.078802227973938,0.6088533333333334
276,0.6,-333.6683072941597,12,0,1.0,3,4.0,109112.59539245506,42376.75162735162,86565.41064548714,0.08333333333333337,0.10997813732537956,0.009164844777114963,33,12385,10.501752138137817,0.6078083333333333
277,0.4,-573.9971806211338,12,0,1.0,4,3.0,143944.79947086232,71079.96228679511,115726.5158549776,0.0,0.08336529033429285,0.0,43,12428,19.281800150871277,0.6064466666666667
278,0.2,-534.0172619154474,12,0,1.0,5,2.4,168681.8305061922,55698.703125608714,97388.15280005096,0.08333333333333337,0.07113984928898129,0.005928320774081774,53,12481,11.811007499694824,0.6047683333333334
279,0.1,-496.3969575536628,12,0,1.0,6,2.0,126563.90676494241,35045.35746511664,59068.78032172878,0.0,0.09481376094281518,0.0,74,12555,8.071323871612549,0.602425
280,0.4,-595.5863093923055,12,0,1.0,4,3.0,174354.68586607126,80911.76310586589,133996.4536451723,0.0,0.0688252222209713,0.0,57,12612,0.7705260291695595,0.60062
281,0.1,-588.8118314880884,12,0,1.0,7,1.7142857142857142,170308.5507312609,31023.873256923223,56446.97794482932,0.0,0.07046034945676598,0.0,64,12676,17.75334358215332,0.5985933333333333
282,0.4,-567.3755133150748,12,0,1.0,3,4.0,145317.96515948977,62211.05676743575,121597.68980309209,0.0,0.08257753944482864,0.0,40,12716,5.972115933895111,0.5973266666666667
283,0.2,-404.4981855573475,12,0,1.0,3,4.0,142451.32917055232,64203.82517341013,115704.57676297556,0.0,0.08423929822116852,0.0,34,12750,9.386139392852783,0.59625
284,0.6,-240.30887644014328,12,0,1.0,3,4.0,65566.15828375536,26428.999058715835,49237.7342200863,0.0,0.18302124623600396,0.0,29,12779,7.511533260345459,0.5953316666666667
285,0.6,-727.4586498690633,12,0,1.0,3,4.0,215965.49037125165,100511.7016514372,157406.74674341732,0.0,0.05556443290718166,0.0,49,12828,4.076452612876892,0.59378
286,0.2,-924.001295781188,12,0,1.0,7,1.7142857142857142,215377.12631170635,45442.60590785049,97312.66812457964,0.0,0.05571622300611858,0.0,92,12920,23.72156810760498,0.5908666666666667
287,0.1,-511.4352089340957,12,0,1.0,5,2.4,155554.45359281567,47814.427690671466,107617.22112931553,0.0,0.07714340363029133,0.0,56,12976,4.857578158378601,0.5890933333333334
288,0.1,-868.5158255730635,12,0,1.0,6,2.0,230898.92374592047,59566.37857593456,120605.07395730329,0.08333333333333337,0.05197079226408484,0.004330899355340404,93,13069,8.670704007148743,0.5861483333333334
289,0.1,-801.191818889981,12,0,1.0,7,1.7142857142857142,211571.6710799097,38290.41790029138,74717.82646605565,0.0,0.05671836847886716,0.0,82,13151,1.2021226584911346,0.5835516666666667
290,0.2,-736.4337188323595,12,0,1.0,3,4.0,228272.94372812257,94314.71458714972,155635.402352421,0.0,0.052568647882739135,0.0,37,13188,20.931962966918945,0.58238
291,0.4,-573.1744110542342,12,0,1.0,3,4.0,142889.71910427764,73188.03884061986,119210.05142088482,0.0,0.08398084953363702,0.0,40,13228,2.5090094208717346,0.5811133333333334
292,0.2,-456.3447666485504,12,0,1.0,3,4.0,127976.11955643413,54002.93877287686,77374.9391425299,0.0,0.09376749382300432,0.0,44,13272,12.263924598693848,0.57972
293,0.2,-586.9458798428818,12,0,1.0,4,3.0,170002.8370832553,58411.86391381698,111876.98658028433,0.0,0.07058705728612784,0.0,52,13324,3.29413104057312,0.5780733333333334
294,0.1,-675.9820296212874,12,0,1.0,3,4.0,153309.7443651392,82571.56247011432,116390.57933317834,0.0,0.07827291115572858,0.0,39,13363,11.973829746246338,0.5768383333333333
295,0.2,-488.47179606538396,12,0,1.0,3,4.0,172785.81457506074,71127.05137990566,129541.1564590562,0.0,0.0694501457166035,0.0,43,13406,1.4695660173892975,0.5754766666666666
296,0.2,-682.0998131799759,12,0,1.0,3,4.0,194782.79128916917,104151.40279655026,139684.89381404748,0.0,0.06160708510530138,0.0,34,13440,10.132623076438904,0.5744
297,0.2,-651.9916017158517,12,0,1.0,3,4.0,196095.9087098645,109561.1014971229,153432.1030081275,0.0,0.06119454545966438,0.0,49,13489,12.641214936971664,0.5728483333333334
298,0.2,-463.5441852417297,12,0,1.0,3,4.0,146532.45342948823,69903.8883751078,120018.48254279341,0.0,0.08189312141541688,0.0,49,13538,21.775909692049026,0.5712966666666668
299,0.4,-378.58963789265977,12,0,1.0,4,3.0,150928.10843720907,46879.58717280666,101561.57181281633,0.08333333333333337,0.07950805270306813,0.006625671058589011,54,13592,4.46768656373024,0.5695866666666667
300,0.1,-921.9039528726591,12,0,1.0,7,1.7142857142857142,228941.36322385658,31691.184733476708,71099.74262360638,0.0,0.05241516793217711,0.0,90,13682,11.868698596954346,0.5667366666666667
