episode_seed,request_id,handover_index,lead_ms,prediction_correct,had_prefetch_plan,accepted_prefetch,base_migration_ms,hidden_migration_ms,residual_base_ms,delta_sync_ms,delta_tokens,changed_blocks
20007,r0004,0,2444.00987758916,0,1,0,0.0,0.0,0.0,0.0,131,0
20007,r0000,0,1258.6520711300527,1,1,0,0.0,0.0,0.0,0.0,71,0
20007,r0019,0,7250.897251367098,0,1,0,0.0,0.0,0.0,0.0,390,0
20007,r0002,0,576.8931261029793,0,1,0,0.0,0.0,0.0,0.0,33,0
20007,r0021,0,382.5064692987289,0,1,0,0.0,0.0,0.0,0.0,19,0
20007,r0021,1,6064.578623899957,0,1,0,0.0,0.0,0.0,0.0,289,0
20007,r0012,0,3918.3392733011497,0,1,0,0.0,0.0,0.0,0.0,203,0
20008,r0007,0,2184.5906656332754,0,1,0,0.0,0.0,0.0,0.0,37,0
20008,r0000,0,4939.385881314538,1,1,1,125.28943333779156,125.28943333779156,0.0,52.902668706248505,84,2
20008,r0005,0,0.0,1,0,0,0.0,0.0,0.0,0.0,0,0
20008,r0005,1,2212.928115669307,0,1,0,0.0,0.0,0.0,0.0,49,0
20008,r0023,0,530.1754477132745,1,1,0,0.0,0.0,0.0,0.0,9,0
20008,r0014,0,2945.9041007239175,1,1,1,468.1390216820002,468.1390216820002,0.0,144.41404800124224,51,23
20008,r0013,0,0.0,1,0,0,0.0,0.0,0.0,0.0,0,0
20008,r0003,0,0.0,1,0,0,0.0,0.0,0.0,0.0,0,0
20008,r0021,0,0.0,0,0,0,0.0,0.0,0.0,0.0,0,0
20008,r0017,0,0.0,1,0,0,0.0,0.0,0.0,0.0,0,0
20008,r0004,0,0.0,1,0,0,0.0,0.0,0.0,0.0,0,0
20009,r0005,0,4790.8847234872665,1,1,0,0.0,0.0,0.0,0.0,228,0
20009,r0007,0,835.2737140443678,1,1,1,0.0,0.0,0.0,0.0,39,0
20009,r0017,0,734.2221876503645,0,1,0,0.0,0.0,0.0,0.0,33,0
20009,r0017,1,7347.794159179048,0,1,0,0.0,0.0,0.0,0.0,321,0
20009,r0020,0,675.2507993047439,1,1,1,0.0,0.0,0.0,0.0,29,0
20009,r0019,0,0.0,1,0,0,0.0,0.0,0.0,0.0,0,0
20009,r0015,0,1433.767280920034,1,1,1,0.0,0.0,0.0,0.0,69,0
20009,r0008,0,5449.5212428384,1,1,0,0.0,0.0,0.0,0.0,239,0
20010,r0005,0,2623.100525276028,0,1,0,0.0,0.0,0.0,0.0,109,0
20010,r0005,1,8647.407603410313,1,1,0,0.0,0.0,0.0,0.0,401,0
20010,r0021,0,7151.316301857785,1,1,1,0.0,0.0,0.0,0.0,300,0
20010,r0002,0,2326.4402438824673,1,1,0,0.0,0.0,0.0,0.0,97,0
20010,r0002,1,3136.6535706027444,1,1,0,0.0,0.0,0.0,0.0,131,0
20010,r0001,0,0.0,1,0,0,0.0,0.0,0.0,0.0,0,0
20010,r0001,1,4244.021357064514,1,1,0,0.0,0.0,0.0,0.0,167,0
20010,r0006,0,4117.743282935691,1,1,0,0.0,0.0,0.0,0.0,169,0
20010,r0006,1,4885.748689387492,1,1,0,0.0,0.0,0.0,0.0,192,0
20010,r0009,0,5034.245266262493,1,1,1,0.0,0.0,0.0,0.0,206,0
20010,r0012,0,434.634710306178,1,1,1,0.0,0.0,0.0,0.0,17,0
20010,r0012,1,9759.784618285179,1,1,0,0.0,0.0,0.0,0.0,366,0
20010,r0013,0,0.0,0,0,0,0.0,0.0,0.0,0.0,0,0
20010,r0013,1,7437.94512509081,1,1,0,0.0,0.0,0.0,0.0,311,0
20011,r0004,0,2094.9912845948197,1,1,1,0.0,0.0,0.0,0.0,96,0
20011,r0004,1,3843.586409692358,0,1,0,0.0,0.0,0.0,0.0,168,0
20011,r0021,0,0.0,1,0,0,0.0,0.0,0.0,0.0,0,0
20011,r0021,1,8453.19415425063,0,1,0,0.0,0.0,0.0,0.0,393,0
20011,r0000,0,2258.061858778774,1,1,1,0.0,0.0,0.0,0.0,96,0
20011,r0013,0,327.76853790532186,0,1,0,0.0,0.0,0.0,0.0,14,0
20011,r0013,1,9276.053522468059,1,1,0,0.0,0.0,0.0,0.0,377,0
20011,r0008,0,7781.245532213865,1,1,1,0.0,0.0,0.0,0.0,333,0
20011,r0015,0,0.0,0,0,0,0.0,0.0,0.0,0.0,0,0
20011,r0023,0,0.0,0,0,0,0.0,0.0,0.0,0.0,0,0
20011,r0005,0,4829.521158574313,1,1,0,0.0,0.0,0.0,0.0,215,0
20012,r0015,0,0.0,0,0,0,0.0,0.0,0.0,0.0,0,0
20012,r0007,0,0.0,0,0,0,0.0,0.0,0.0,0.0,0,0
20012,r0007,1,3461.0028403302094,0,1,0,0.0,0.0,0.0,0.0,287,0
20012,r0009,0,0.0,1,0,0,0.0,0.0,0.0,0.0,0,0
20012,r0005,0,6998.8198454006015,1,1,0,0.0,0.0,0.0,0.0,99,0
20012,r0002,0,536.6961034960186,0,1,0,0.0,0.0,0.0,0.0,8,0
20012,r0013,0,0.0,1,0,0,0.0,0.0,0.0,0.0,0,0
20012,r0013,1,1359.0700731874022,1,1,0,0.0,0.0,0.0,0.0,56,0
20012,r0014,0,2117.5089228594225,1,1,1,2794.8247839781734,2117.5089228594225,677.315861118751,126.89527707501517,30,28
20012,r0014,1,3986.2639370560064,0,1,0,0.0,0.0,0.0,0.0,334,0
20012,r0010,0,0.0,0,0,0,0.0,0.0,0.0,0.0,0,0
20013,r0006,0,3807.039471075053,0,1,0,0.0,0.0,0.0,0.0,140,0
20013,r0002,0,855.0714827460597,1,1,0,0.0,0.0,0.0,0.0,32,0
20013,r0017,0,2833.764312835081,0,1,0,0.0,0.0,0.0,0.0,105,0
20013,r0023,0,900.572266397623,0,1,0,0.0,0.0,0.0,0.0,33,0
20013,r0016,0,1222.7791100842514,1,1,0,0.0,0.0,0.0,0.0,40,0
20013,r0014,0,304.51575173239326,1,1,1,0.0,0.0,0.0,0.0,11,0
20013,r0014,1,9424.254929499883,1,1,0,0.0,0.0,0.0,0.0,336,0
20013,r0007,0,0.0,1,0,0,0.0,0.0,0.0,0.0,0,0
20014,r0023,0,8033.333498555587,1,1,1,1233.1611351581885,1233.1611351581885,0.0,203.94604373135996,157,14
20014,r0011,0,1192.5081099565377,1,1,1,497.01850250088285,497.01850250088285,0.0,49.33301430176915,23,14
20014,r0008,0,403.9129086801677,1,1,1,480.864902411224,403.9129086801677,76.95199373105635,30.398866212596857,7,14
20014,r0001,0,3369.025829460674,0,1,0,480.864902411224,0.0,0.0,0.0,62,14
20014,r0019,0,3811.065560287294,1,1,1,807.3983899378972,807.3983899378972,0.0,109.33210034907304,75,14
20014,r0012,0,4394.603116529604,1,1,1,1190.4694777783761,1190.4694777783761,0.0,118.56272897173517,83,14
20014,r0000,0,0.0,1,0,0,0.0,0.0,0.0,0.0,0,0
20014,r0022,0,5591.54770286792,1,1,1,231.6379295993464,231.6379295993464,0.0,152.0237577288854,112,14
20014,r0015,0,902.2667775669106,0,1,0,1388.9279931656122,0.0,0.0,0.0,17,14
20014,r0015,1,2937.194110018041,1,1,0,0.0,0.0,0.0,0.0,154,0
20014,r0006,0,0.0,1,0,0,0.0,0.0,0.0,0.0,0,0
20015,r0001,0,1818.1968261065635,1,1,1,0.0,0.0,0.0,0.0,98,0
20015,r0001,1,4687.515015508019,1,1,0,0.0,0.0,0.0,0.0,221,0
20015,r0013,0,272.1733977671702,1,1,1,0.0,0.0,0.0,0.0,12,0
20015,r0010,0,6647.610621599477,0,1,0,0.0,0.0,0.0,0.0,373,0
20015,r0008,0,3965.262641813024,1,1,1,0.0,0.0,0.0,0.0,187,0
20015,r0008,1,4682.965557835727,1,1,0,0.0,0.0,0.0,0.0,216,0
20015,r0016,0,668.6981966894527,1,1,0,0.0,0.0,0.0,0.0,36,0
20016,r0007,0,815.7664072119132,1,1,0,0.0,0.0,0.0,0.0,49,0
20016,r0002,0,0.0,1,0,0,0.0,0.0,0.0,0.0,0,0
20016,r0002,1,7957.920413877615,1,1,0,0.0,0.0,0.0,0.0,373,0
20016,r0019,0,1911.2185840690254,0,1,0,0.0,0.0,0.0,0.0,100,0
20016,r0019,1,4634.78888843258,1,1,1,0.0,0.0,0.0,0.0,259,0
20016,r0004,0,5898.270123165592,1,1,1,0.0,0.0,0.0,0.0,310,0
20016,r0023,0,0.0,0,0,0,0.0,0.0,0.0,0.0,0,0
20017,r0020,0,4018.6741981259947,0,1,0,0.0,0.0,0.0,0.0,224,0
20017,r0010,0,460.56578680812527,1,1,1,0.0,0.0,0.0,0.0,26,0
20017,r0010,1,3019.34405333989,1,1,0,0.0,0.0,0.0,0.0,153,0
20017,r0012,0,542.781564780762,0,1,0,0.0,0.0,0.0,0.0,26,0
20017,r0012,1,7265.01107459842,0,1,0,0.0,0.0,0.0,0.0,318,0
20017,r0001,0,4032.874771248931,1,1,0,0.0,0.0,0.0,0.0,172,0
20017,r0023,0,1812.633420149181,0,1,0,0.0,0.0,0.0,0.0,77,0
20017,r0023,1,5424.587909869122,1,1,0,0.0,0.0,0.0,0.0,232,0
20017,r0003,0,5519.964879315787,1,1,0,0.0,0.0,0.0,0.0,290,0
20017,r0004,0,14.905257969818194,1,1,1,0.0,0.0,0.0,0.0,0,0
20018,r0017,0,5358.803136574814,1,1,0,0.0,0.0,0.0,0.0,269,0
20018,r0021,0,0.0,1,0,0,0.0,0.0,0.0,0.0,0,0
20018,r0002,0,3383.575586359839,0,1,0,0.0,0.0,0.0,0.0,163,0
20018,r0002,1,3545.745451406852,1,1,0,0.0,0.0,0.0,0.0,158,0
20018,r0014,0,0.0,1,0,0,0.0,0.0,0.0,0.0,0,0
20018,r0010,0,370.2979050012691,0,1,0,0.0,0.0,0.0,0.0,16,0
20018,r0010,1,5633.778606587737,0,1,0,0.0,0.0,0.0,0.0,273,0
20018,r0006,0,0.0,0,0,0,0.0,0.0,0.0,0.0,0,0
20018,r0006,1,2383.082291825096,1,1,0,0.0,0.0,0.0,0.0,120,0
20019,r0023,0,1739.7133880063993,0,1,0,0.0,0.0,0.0,0.0,61,0
20019,r0023,1,3992.4882237872043,0,1,0,0.0,0.0,0.0,0.0,131,0
20019,r0005,0,0.0,1,0,0,0.0,0.0,0.0,0.0,0,0
20019,r0022,0,6048.295228409632,1,1,1,0.0,0.0,0.0,0.0,203,0
20019,r0022,1,3660.0939083277917,1,1,0,0.0,0.0,0.0,0.0,115,0
20019,r0009,0,97.65218666675719,1,1,0,0.0,0.0,0.0,0.0,3,0
20019,r0009,1,6065.388589952472,1,1,0,0.0,0.0,0.0,0.0,194,0
20019,r0009,2,6635.9955331276215,1,1,0,0.0,0.0,0.0,0.0,208,0
20019,r0003,0,0.0,0,0,0,0.0,0.0,0.0,0.0,0,0
20020,r0008,0,1414.9534947296079,1,1,0,0.0,0.0,0.0,0.0,73,0
20020,r0008,1,6043.524363837851,0,1,0,0.0,0.0,0.0,0.0,270,0
20020,r0007,0,320.2043142715265,0,1,0,0.0,0.0,0.0,0.0,15,0
20020,r0007,1,6462.179623124706,0,1,0,0.0,0.0,0.0,0.0,329,0
20020,r0017,0,2845.4237563763018,1,1,0,0.0,0.0,0.0,0.0,137,0
20020,r0017,1,3215.862023995396,1,1,0,0.0,0.0,0.0,0.0,135,0
20020,r0013,0,2089.228975940947,1,1,0,0.0,0.0,0.0,0.0,100,0
20020,r0011,0,7380.298885797871,1,1,1,0.0,0.0,0.0,0.0,320,0
20020,r0004,0,157.2229262688743,0,1,0,0.0,0.0,0.0,0.0,7,0
20021,r0007,0,8131.69214896451,1,1,0,0.0,0.0,0.0,0.0,374,0
20021,r0021,0,3998.7683820425664,1,1,1,0.0,0.0,0.0,0.0,173,0
20021,r0002,0,2567.5339402354475,1,1,0,0.0,0.0,0.0,0.0,118,0
20021,r0002,1,6038.2929540987825,1,1,0,0.0,0.0,0.0,0.0,243,0
20021,r0017,0,4089.1003994069324,0,1,0,0.0,0.0,0.0,0.0,164,0
20021,r0022,0,0.0,1,0,0,0.0,0.0,0.0,0.0,0,0
20021,r0022,1,1580.0032479926886,0,1,0,0.0,0.0,0.0,0.0,119,0
20021,r0004,0,2116.5917717734264,1,1,0,0.0,0.0,0.0,0.0,83,0
20021,r0000,0,4664.648877699801,1,1,0,0.0,0.0,0.0,0.0,199,0
20022,r0023,0,5106.43918213188,1,1,0,0.0,0.0,0.0,0.0,74,0
20022,r0001,0,4435.620716202312,0,1,0,101.26166600674163,0.0,0.0,0.0,64,2
20022,r0019,0,314.7036977245989,1,1,1,0.0,0.0,0.0,0.0,4,0
20022,r0022,0,0.0,0,0,0,0.0,0.0,0.0,0.0,0,0
20022,r0007,0,5336.142162245847,1,1,1,343.44835586964183,343.44835586964183,0.0,159.20723276730098,74,21
20022,r0002,0,0.0,1,0,0,0.0,0.0,0.0,0.0,0,0
20022,r0009,0,4111.142854903723,1,1,1,101.06875417869283,101.06875417869283,0.0,38.75823371892736,63,2
20022,r0013,0,0.0,1,0,0,0.0,0.0,0.0,0.0,0,0
20022,r0013,1,3024.098458199129,1,1,0,0.0,0.0,0.0,0.0,91,0
20022,r0006,0,0.0,0,0,0,0.0,0.0,0.0,0.0,0,0
20023,r0017,0,7739.176092322012,1,1,1,2014.1795311130772,2014.1795311130772,0.0,244.07389755064364,123,15
20023,r0001,0,0.0,0,0,0,0.0,0.0,0.0,0.0,0,0
20023,r0003,0,5586.579859716045,1,1,1,376.80507350432106,376.80507350432106,0.0,91.18775435314946,83,8
20023,r0002,0,0.0,1,0,0,0.0,0.0,0.0,0.0,0,0
20023,r0023,0,3035.2802785505955,1,1,1,1957.3160340763568,1957.3160340763568,0.0,100.99800178083036,45,15
20023,r0023,1,5795.773384004293,1,1,0,0.0,0.0,0.0,0.0,254,0
20023,r0000,0,0.0,1,0,0,0.0,0.0,0.0,0.0,0,0
20023,r0000,1,1133.860064658842,0,1,0,0.0,0.0,0.0,0.0,30,0
20023,r0007,0,0.0,0,0,0,0.0,0.0,0.0,0.0,0,0
20023,r0007,1,4045.202489407162,1,1,0,0.0,0.0,0.0,0.0,118,0
20023,r0015,0,1485.983671382779,0,1,0,1803.234300170404,0.0,0.0,0.0,22,15
20023,r0015,1,2956.647676358156,1,1,0,0.0,0.0,0.0,0.0,130,0
20023,r0015,2,4466.771425019368,1,1,0,0.0,0.0,0.0,0.0,179,0
20023,r0005,0,450.17845507944367,1,1,1,1896.7839243275894,450.17845507944367,1446.6054692481457,31.294360251946962,7,15
20023,r0005,1,6331.725601989416,1,1,0,0.0,0.0,0.0,0.0,253,0
20024,r0014,0,4211.097448547718,0,1,0,0.0,0.0,0.0,0.0,132,0
20024,r0014,1,5586.519937871796,1,1,1,0.0,0.0,0.0,0.0,164,0
20024,r0014,2,3083.6414792132273,0,1,0,0.0,0.0,0.0,0.0,89,0
20024,r0019,0,1934.6825488699615,1,1,0,0.0,0.0,0.0,0.0,54,0
20024,r0005,0,1311.8388183888128,1,1,0,0.0,0.0,0.0,0.0,39,0
20024,r0003,0,2806.206304334537,1,1,1,0.0,0.0,0.0,0.0,78,0
20024,r0020,0,1595.8875058559388,1,1,1,0.0,0.0,0.0,0.0,44,0
20024,r0022,0,2877.0068135117726,1,1,0,0.0,0.0,0.0,0.0,87,0
20024,r0012,0,3448.0931775567224,0,1,0,0.0,0.0,0.0,0.0,101,0
20024,r0012,1,9174.468245358581,1,1,0,0.0,0.0,0.0,0.0,251,0
20024,r0015,0,0.0,1,0,0,0.0,0.0,0.0,0.0,0,0
20024,r0009,0,5716.545911232304,0,1,0,0.0,0.0,0.0,0.0,159,0
20024,r0009,1,6228.191618506709,1,1,0,0.0,0.0,0.0,0.0,170,0
20025,r0005,0,4523.854884685781,1,1,1,893.9800737865082,893.9800737865082,0.0,185.41360331434402,55,23
20025,r0021,0,8421.39080870352,1,1,1,499.3891650804527,499.3891650804527,0.0,291.4864282353267,105,23
20025,r0012,0,3817.1391318110764,1,1,1,174.57829044843353,174.57829044843353,0.0,31.497251909513594,45,2
20025,r0020,0,322.3500028339404,1,1,1,2048.0524089267997,322.3500028339404,1725.7024060928593,64.6999348897413,3,23
20025,r0020,1,6172.519376041411,1,1,0,0.0,0.0,0.0,0.0,214,0
20025,r0000,0,0.0,0,0,0,0.0,0.0,0.0,0.0,0,0
20025,r0013,0,0.0,1,0,0,0.0,0.0,0.0,0.0,0,0
20025,r0013,1,0.0,0,0,0,0.0,0.0,0.0,0.0,0,0
20025,r0003,0,0.0,1,0,0,0.0,0.0,0.0,0.0,0,0
20025,r0008,0,0.0,1,0,0,0.0,0.0,0.0,0.0,0,0
20025,r0008,1,690.6549531881174,1,1,0,0.0,0.0,0.0,0.0,7,0
20026,r0000,0,0.0,1,0,0,0.0,0.0,0.0,0.0,0,0
20026,r0021,0,3152.6110733033966,1,1,0,0.0,0.0,0.0,0.0,151,0
20026,r0004,0,5493.548493459339,1,1,0,0.0,0.0,0.0,0.0,263,0
20026,r0005,0,5961.047343594844,1,1,0,0.0,0.0,0.0,0.0,303,0
20026,r0019,0,3351.8648678594654,1,1,1,0.0,0.0,0.0,0.0,164,0
20026,r0019,1,6108.235740721564,1,1,0,0.0,0.0,0.0,0.0,260,0
20026,r0003,0,6092.657774895619,1,1,1,0.0,0.0,0.0,0.0,357,0
20027,r0003,0,2187.924196110328,0,1,0,0.0,0.0,0.0,0.0,73,0
20027,r0005,0,1652.5777709675876,0,1,0,0.0,0.0,0.0,0.0,51,0
20027,r0005,1,5495.712781334332,1,1,0,0.0,0.0,0.0,0.0,162,0
20027,r0017,0,2329.169309036257,1,1,0,0.0,0.0,0.0,0.0,72,0
20027,r0017,1,9374.463594226158,1,1,0,0.0,0.0,0.0,0.0,276,0
20027,r0021,0,0.0,1,0,0,0.0,0.0,0.0,0.0,0,0
20027,r0021,1,2425.769250442845,0,1,0,0.0,0.0,0.0,0.0,73,0
20027,r0011,0,2101.740511393611,1,1,1,0.0,0.0,0.0,0.0,68,0
20027,r0011,1,6545.91749404429,0,1,0,0.0,0.0,0.0,0.0,203,0
20027,r0001,0,0.0,0,0,0,0.0,0.0,0.0,0.0,0,0
20027,r0001,1,8166.366805531063,0,1,0,0.0,0.0,0.0,0.0,222,0
20027,r0010,0,0.0,1,0,0,0.0,0.0,0.0,0.0,0,0
20027,r0014,0,640.5509370646905,1,1,0,0.0,0.0,0.0,0.0,19,0
20027,r0014,1,3837.4139861681324,1,1,0,0.0,0.0,0.0,0.0,104,0
20027,r0014,2,7212.5007819122475,0,1,0,0.0,0.0,0.0,0.0,215,0
20028,r0000,0,2106.1906289653743,0,1,0,0.0,0.0,0.0,0.0,94,0
20028,r0019,0,4142.728200291263,0,1,0,0.0,0.0,0.0,0.0,191,0
20028,r0014,0,139.57653326798754,0,1,0,0.0,0.0,0.0,0.0,6,0
20028,r0010,0,2740.588242659367,0,1,0,0.0,0.0,0.0,0.0,121,0
20029,r0015,0,1584.363260017059,0,1,0,0.0,0.0,0.0,0.0,40,0
20029,r0017,0,0.0,0,0,0,0.0,0.0,0.0,0.0,0,0
20029,r0000,0,375.7250130389166,1,1,1,2356.4323367421125,375.7250130389166,1980.707323703196,42.42878042260103,9,19
20029,r0000,1,1655.173259616642,1,1,0,0.0,0.0,0.0,0.0,66,0
20029,r0023,0,0.0,0,0,0,0.0,0.0,0.0,0.0,0,0
20029,r0023,1,3371.398906671777,1,1,0,0.0,0.0,0.0,0.0,138,0
20029,r0008,0,0.0,0,0,0,0.0,0.0,0.0,0.0,0,0
20029,r0008,1,1101.427900408351,0,1,0,0.0,0.0,0.0,0.0,44,0
20029,r0020,0,0.0,0,0,0,0.0,0.0,0.0,0.0,0,0
20029,r0005,0,0.0,1,0,0,0.0,0.0,0.0,0.0,0,0
20029,r0005,1,2814.5172054502546,1,1,0,0.0,0.0,0.0,0.0,111,0
20029,r0005,2,6735.90730729857,0,1,0,0.0,0.0,0.0,0.0,259,0
20029,r0016,0,0.0,1,0,0,0.0,0.0,0.0,0.0,0,0
20029,r0016,1,1371.5312428190991,1,1,0,0.0,0.0,0.0,0.0,55,0
20029,r0016,2,4420.507663393728,1,1,0,0.0,0.0,0.0,0.0,173,0
20029,r0016,3,8107.017877925791,0,1,0,0.0,0.0,0.0,0.0,323,0
20029,r0014,0,4713.829943259632,0,1,0,1899.6282810357454,0.0,0.0,0.0,108,19
20029,r0014,1,2318.956516275546,0,1,0,0.0,0.0,0.0,0.0,102,0
20029,r0012,0,0.0,1,0,0,0.0,0.0,0.0,0.0,0,0
20030,r0017,0,3241.8244806377193,1,1,1,0.0,0.0,0.0,0.0,154,0
20030,r0005,0,0.0,0,0,0,0.0,0.0,0.0,0.0,0,0
20030,r0005,1,5469.220984900607,1,1,0,0.0,0.0,0.0,0.0,235,0
20030,r0006,0,1112.4702769154064,0,1,0,0.0,0.0,0.0,0.0,50,0
20030,r0009,0,5848.549602189054,0,1,0,0.0,0.0,0.0,0.0,262,0
20030,r0009,1,5023.791742452937,0,1,0,0.0,0.0,0.0,0.0,204,0
20030,r0013,0,988.4445905430621,1,1,0,0.0,0.0,0.0,0.0,42,0
20031,r0011,0,0.0,0,0,0,0.0,0.0,0.0,0.0,0,0
20031,r0000,0,4832.010232607692,0,1,0,0.0,0.0,0.0,0.0,346,0
20031,r0012,0,0.0,0,0,0,0.0,0.0,0.0,0.0,0,0
20031,r0017,0,675.667335201113,0,1,0,0.0,0.0,0.0,0.0,44,0
20031,r0017,1,3646.0531714034296,1,1,0,0.0,0.0,0.0,0.0,262,0
20031,r0013,0,0.0,1,0,0,0.0,0.0,0.0,0.0,0,0
20032,r0015,0,4138.388897794848,0,1,0,0.0,0.0,0.0,0.0,188,0
20032,r0006,0,0.0,1,0,0,0.0,0.0,0.0,0.0,0,0
20032,r0020,0,465.90893666477496,0,1,0,0.0,0.0,0.0,0.0,21,0
20032,r0010,0,372.04133541947886,0,1,0,499.22562523042274,0.0,0.0,0.0,16,28
20032,r0009,0,0.0,0,0,0,0.0,0.0,0.0,0.0,0,0
20032,r0009,1,1603.3343383215615,1,1,0,0.0,0.0,0.0,0.0,96,0
20033,r0023,0,4296.476487837436,1,1,1,159.43397740585576,159.43397740585576,0.0,39.99130786198114,72,4
20033,r0006,0,4338.797416258909,1,1,1,2616.1749234058857,2616.1749234058857,0.0,253.04388958358638,72,28
20033,r0020,0,0.0,0,0,0,0.0,0.0,0.0,0.0,0,0
20033,r0000,0,657.7407646957945,0,1,0,2578.6510965426232,0.0,0.0,0.0,10,28
20033,r0000,1,3156.6228082018024,0,1,0,0.0,0.0,0.0,0.0,227,0
20033,r0021,0,0.0,1,0,0,0.0,0.0,0.0,0.0,0,0
20033,r0013,0,0.0,1,0,0,0.0,0.0,0.0,0.0,0,0
20033,r0013,1,0.0,0,0,0,0.0,0.0,0.0,0.0,0,0
20033,r0022,0,3883.277433713505,1,1,1,707.0056830000615,707.0056830000615,0.0,127.88669024447603,64,13
20033,r0017,0,2346.9720024693743,1,1,1,676.5257360129254,676.5257360129254,0.0,89.78675651055592,39,13
20033,r0014,0,1438.0952615140413,1,1,1,2770.960709216841,1438.0952615140413,1332.8654477027999,139.61554431157268,25,28
20033,r0014,1,4453.012747790577,0,1,0,0.0,0.0,0.0,0.0,307,0
20033,r0004,0,0.0,1,0,0,0.0,0.0,0.0,0.0,0,0
20034,r0015,0,0.0,0,0,0,0.0,0.0,0.0,0.0,0,0
20034,r0015,1,401.44458712810774,0,1,0,0.0,0.0,0.0,0.0,39,0
20034,r0010,0,0.0,0,0,0,0.0,0.0,0.0,0.0,0,0
20034,r0004,0,6302.454782178171,0,1,0,65.5084980715133,0.0,0.0,0.0,88,1
20034,r0022,0,0.0,1,0,0,0.0,0.0,0.0,0.0,0,0
20034,r0007,0,0.0,0,0,0,0.0,0.0,0.0,0.0,0,0
20034,r0007,1,3566.292633608351,1,1,0,0.0,0.0,0.0,0.0,321,0
20034,r0008,0,0.0,0,0,0,0.0,0.0,0.0,0.0,0,0
20034,r0008,1,431.82637246037484,0,1,0,0.0,0.0,0.0,0.0,32,0
20034,r0020,0,766.957362962974,0,1,0,0.0,0.0,0.0,0.0,22,0
20034,r0013,0,3598.9801407363775,1,1,1,64.35876429772523,64.35876429772523,0.0,95.51584940533566,105,5
20034,r0005,0,0.0,1,0,0,0.0,0.0,0.0,0.0,0,0
20034,r0023,0,0.0,0,0,0,0.0,0.0,0.0,0.0,0,0
20034,r0023,1,0.0,1,0,0,0.0,0.0,0.0,0.0,0,0
20035,r0021,0,3388.589252305891,1,1,1,458.3530740475365,458.3530740475365,0.0,85.90078748413956,38,11
20035,r0008,0,2473.2647406655487,1,1,1,2070.796114247397,2070.796114247397,0.0,106.02823542341434,27,28
20035,r0002,0,0.0,1,0,0,0.0,0.0,0.0,0.0,0,0
20035,r0013,0,0.0,0,0,0,0.0,0.0,0.0,0.0,0,0
20035,r0010,0,6483.913666386739,1,1,1,1380.6375547571158,1380.6375547571158,0.0,162.18491968202787,106,18
20035,r0010,1,3237.888798673095,1,1,0,0.0,0.0,0.0,0.0,238,0
20035,r0018,0,0.0,0,0,0,0.0,0.0,0.0,0.0,0,0
20035,r0009,0,865.4868296948953,1,1,1,522.7877400328459,522.7877400328459,0.0,36.761605236034086,13,5
20035,r0012,0,1216.8662395872161,1,1,1,402.2714321711844,402.2714321711844,0.0,78.70919455930672,13,28
20035,r0007,0,882.2024889349123,0,1,0,1999.9537255112002,0.0,0.0,0.0,9,28
20036,r0018,0,3467.536088511255,1,1,1,0.0,0.0,0.0,0.0,143,0
20036,r0018,1,4854.61916484687,1,1,0,0.0,0.0,0.0,0.0,214,0
20036,r0002,0,804.5613644066398,1,1,1,0.0,0.0,0.0,0.0,41,0
20036,r0002,1,9147.975475237112,1,1,0,0.0,0.0,0.0,0.0,369,0
20036,r0015,0,1114.323566387051,1,1,1,0.0,0.0,0.0,0.0,49,0
20036,r0015,1,4905.468140271812,1,1,0,0.0,0.0,0.0,0.0,225,0
20036,r0005,0,367.7485757880713,0,1,0,0.0,0.0,0.0,0.0,16,0
20036,r0005,1,3938.660382252747,1,1,0,0.0,0.0,0.0,0.0,179,0
20036,r0010,0,0.0,1,0,0,0.0,0.0,0.0,0.0,0,0
20037,r0007,0,2957.6592102367454,1,1,1,0.0,0.0,0.0,0.0,126,0
20037,r0002,0,0.0,0,0,0,0.0,0.0,0.0,0.0,0,0
20037,r0023,0,1158.5836783704372,1,1,0,0.0,0.0,0.0,0.0,42,0
20037,r0011,0,1293.352582269492,1,1,1,0.0,0.0,0.0,0.0,55,0
20037,r0013,0,2679.9016080690544,0,1,0,0.0,0.0,0.0,0.0,111,0
20038,r0015,0,7441.971044856329,0,1,0,2152.5793782797723,0.0,0.0,0.0,117,13
20038,r0015,1,4728.129421419331,1,1,1,0.0,0.0,0.0,0.0,183,0
20038,r0004,0,999.0166594390139,1,1,1,371.91657575217073,371.91657575217073,0.0,55.519046227387065,15,13
20038,r0014,0,2278.6654703547683,0,1,0,772.8721133911291,0.0,0.0,0.0,35,13
20038,r0002,0,0.0,1,0,0,0.0,0.0,0.0,0.0,0,0
20038,r0002,1,94.76912662680843,0,1,0,0.0,0.0,0.0,0.0,3,0
20038,r0002,2,5511.867876446522,1,1,0,0.0,0.0,0.0,0.0,195,0
20038,r0002,3,3307.4791012395362,1,1,0,0.0,0.0,0.0,0.0,111,0
20038,r0019,0,0.0,0,0,0,0.0,0.0,0.0,0.0,0,0
20038,r0019,1,839.6623121652301,0,1,0,0.0,0.0,0.0,0.0,12,0
20038,r0018,0,0.0,0,0,0,0.0,0.0,0.0,0.0,0,0
20038,r0018,1,0.0,1,0,0,0.0,0.0,0.0,0.0,0,0
20038,r0018,2,1702.5771781635922,1,1,0,0.0,0.0,0.0,0.0,58,0
20038,r0018,3,5739.569976146675,1,1,0,0.0,0.0,0.0,0.0,221,0
20038,r0016,0,0.0,1,0,0,0.0,0.0,0.0,0.0,0,0
20038,r0016,1,1248.9687965909616,1,1,0,0.0,0.0,0.0,0.0,44,0
20038,r0010,0,0.0,1,0,0,0.0,0.0,0.0,0.0,0,0
20038,r0007,0,330.25569398944936,1,1,1,2250.629640759168,330.25569398944936,1920.3739467697187,27.553704736053575,4,13
20038,r0007,1,6166.762216299445,0,1,0,0.0,0.0,0.0,0.0,208,0
20038,r0023,0,0.0,1,0,0,0.0,0.0,0.0,0.0,0,0
20038,r0023,1,563.5364120227023,0,1,0,0.0,0.0,0.0,0.0,20,0
20038,r0005,0,2355.1149670265295,1,1,1,739.6050600499057,739.6050600499057,0.0,97.0256613010071,37,13
20039,r0014,0,5084.899346475655,1,1,0,0.0,0.0,0.0,0.0,253,0
20039,r0004,0,0.0,0,0,0,0.0,0.0,0.0,0.0,0,0
20039,r0009,0,0.0,1,0,0,0.0,0.0,0.0,0.0,0,0
20039,r0011,0,2618.2105950639907,1,1,1,0.0,0.0,0.0,0.0,132,0
20039,r0010,0,7629.890558484052,0,1,0,0.0,0.0,0.0,0.0,368,0
20039,r0022,0,735.0613916407492,0,1,0,0.0,0.0,0.0,0.0,34,0
20039,r0022,1,4665.922428974442,1,1,0,0.0,0.0,0.0,0.0,203,0
20039,r0006,0,0.0,1,0,0,0.0,0.0,0.0,0.0,0,0
20039,r0019,0,3906.2461200663456,1,1,1,0.0,0.0,0.0,0.0,180,0
20039,r0012,0,0.0,1,0,0,0.0,0.0,0.0,0.0,0,0
20039,r0021,0,627.4987681785788,1,1,1,0.0,0.0,0.0,0.0,28,0
20039,r0021,1,3221.677893904249,0,1,0,0.0,0.0,0.0,0.0,139,0
20040,r0012,0,233.67381863197807,1,1,1,306.65002484361867,233.67381863197807,72.9762062116406,86.32538251511889,10,28
20040,r0013,0,7191.265180414817,0,1,0,0.0,0.0,0.0,0.0,312,0
20040,r0001,0,77.65775264944205,1,1,0,0.0,0.0,0.0,0.0,4,0
20040,r0023,0,1701.8183153754508,0,1,0,0.0,0.0,0.0,0.0,77,0
20040,r0006,0,4806.371547846298,0,1,0,0.0,0.0,0.0,0.0,218,0
20040,r0016,0,5794.778436796045,1,1,1,0.0,0.0,0.0,0.0,267,0
20040,r0011,0,696.1231872302742,0,1,0,0.0,0.0,0.0,0.0,30,0
20040,r0011,1,3293.0009687648926,1,1,1,0.0,0.0,0.0,0.0,157,0
20041,r0005,0,2153.541400838558,0,1,0,0.0,0.0,0.0,0.0,82,0
20041,r0003,0,0.0,0,0,0,0.0,0.0,0.0,0.0,0,0
20041,r0003,1,7173.46224959371,0,1,0,0.0,0.0,0.0,0.0,261,0
20041,r0012,0,119.33462254978804,1,1,1,0.0,0.0,0.0,0.0,4,0
20041,r0008,0,783.6559705285399,1,1,1,0.0,0.0,0.0,0.0,30,0
20041,r0008,1,4246.246915082054,0,1,0,0.0,0.0,0.0,0.0,158,0
20041,r0008,2,9014.150264335687,1,1,0,0.0,0.0,0.0,0.0,336,0
20042,r0002,0,6078.262850157979,1,1,0,0.0,0.0,0.0,0.0,221,0
20042,r0016,0,1036.959295265502,1,1,0,0.0,0.0,0.0,0.0,36,0
20042,r0017,0,0.0,0,0,0,0.0,0.0,0.0,0.0,0,0
20042,r0018,0,29.81654810519467,1,1,0,0.0,0.0,0.0,0.0,0,0
20042,r0018,1,3265.0601732215328,1,1,0,0.0,0.0,0.0,0.0,112,0
20042,r0023,0,0.0,1,0,0,0.0,0.0,0.0,0.0,0,0
20042,r0014,0,0.0,0,0,0,0.0,0.0,0.0,0.0,0,0
20042,r0010,0,0.0,1,0,0,0.0,0.0,0.0,0.0,0,0
20042,r0001,0,3792.3611705607836,1,1,1,0.0,0.0,0.0,0.0,124,0
20042,r0001,1,4067.790202610642,1,1,0,0.0,0.0,0.0,0.0,138,0
20042,r0007,0,2096.4042818742782,0,1,0,0.0,0.0,0.0,0.0,86,0
20043,r0014,0,2487.4037004959882,1,1,1,272.3632269673174,272.3632269673174,0.0,65.6216838417981,42,13
20043,r0002,0,6815.641036098283,0,1,0,236.3159835505602,0.0,0.0,0.0,115,13
20043,r0023,0,4159.016246176649,0,1,0,1649.0356923557306,0.0,0.0,0.0,60,16
20043,r0023,1,1339.320614269538,1,1,0,0.0,0.0,0.0,0.0,57,0
20043,r0003,0,0.0,1,0,0,0.0,0.0,0.0,0.0,0,0
20043,r0003,1,6867.083962640649,1,1,0,0.0,0.0,0.0,0.0,280,0
20043,r0017,0,0.0,1,0,0,0.0,0.0,0.0,0.0,0,0
20043,r0010,0,1927.499279059186,1,1,0,0.0,0.0,0.0,0.0,33,0
20043,r0005,0,0.0,0,0,0,0.0,0.0,0.0,0.0,0,0
20043,r0005,1,3160.5285933296836,0,1,0,0.0,0.0,0.0,0.0,126,0
20043,r0005,2,5801.291207700633,0,1,0,0.0,0.0,0.0,0.0,246,0
20043,r0004,0,2258.16174475765,0,1,0,1568.1901538035188,0.0,0.0,0.0,36,16
20043,r0004,1,7239.011363518657,1,1,0,0.0,0.0,0.0,0.0,274,0
20043,r0016,0,0.0,1,0,0,0.0,0.0,0.0,0.0,0,0
20044,r0015,0,3293.3734784337694,0,1,0,1595.5580274052063,0.0,0.0,0.0,29,15
20044,r0015,1,1581.0301374059927,0,1,0,0.0,0.0,0.0,0.0,51,0
20044,r0015,2,8917.827521404271,1,1,0,0.0,0.0,0.0,0.0,294,0
20044,r0000,0,7425.327136422733,1,1,1,397.7326927543927,397.7326927543927,0.0,238.9415209655299,98,17
20044,r0013,0,3051.4534692135057,1,1,1,393.33638290965126,393.33638290965126,0.0,147.06625594572142,40,17
20044,r0021,0,3713.0941601720006,1,1,1,393.7994452099359,393.7994452099359,0.0,71.12173556383212,48,10
20044,r0009,0,0.0,0,0,0,0.0,0.0,0.0,0.0,0,0
20044,r0009,1,4301.931572648966,0,1,0,0.0,0.0,0.0,0.0,131,0
20044,r0009,2,3239.9701578969543,0,1,0,0.0,0.0,0.0,0.0,98,0
20044,r0009,3,6363.027324983945,1,1,0,0.0,0.0,0.0,0.0,195,0
20044,r0008,0,1583.3325684104566,1,1,1,1769.6084339850959,1583.3325684104566,186.27586557463928,99.04971246738916,14,15
20044,r0008,1,3605.1894483049764,1,1,0,0.0,0.0,0.0,0.0,119,0
20044,r0004,0,0.0,1,0,0,0.0,0.0,0.0,0.0,0,0
20044,r0004,1,1278.8481445634097,1,1,0,0.0,0.0,0.0,0.0,39,0
20044,r0004,2,5982.352275177589,0,1,0,0.0,0.0,0.0,0.0,199,0
20044,r0001,0,2431.9296728167537,1,1,1,598.261902111679,598.261902111679,0.0,108.70487109737857,21,15
20044,r0002,0,845.3110251996259,0,1,0,645.3914806748297,0.0,0.0,0.0,11,17
20044,r0017,0,6464.249967514559,0,1,0,388.3914389030179,0.0,0.0,0.0,84,10
20044,r0020,0,6641.016301744843,0,1,0,1573.9605316982127,0.0,0.0,0.0,60,15
20044,r0020,1,4827.518336617548,1,1,0,0.0,0.0,0.0,0.0,156,0
20044,r0020,2,4452.1428049170645,1,1,0,0.0,0.0,0.0,0.0,146,0
20045,r0015,0,5168.078632444183,1,1,0,0.0,0.0,0.0,0.0,269,0
20045,r0010,0,1129.722745204108,1,1,1,0.0,0.0,0.0,0.0,60,0
20045,r0003,0,0.0,0,0,0,0.0,0.0,0.0,0.0,0,0
20045,r0016,0,0.0,1,0,0,0.0,0.0,0.0,0.0,0,0
20045,r0016,1,5242.287789681282,0,1,0,0.0,0.0,0.0,0.0,277,0
20046,r0005,0,2131.4076637237968,1,1,1,2734.238369793884,2131.4076637237968,602.8307060700872,87.36561541269177,18,15
20046,r0005,1,2850.019412006938,0,1,0,0.0,0.0,0.0,0.0,110,0
20046,r0005,2,3518.8357264521574,1,1,0,0.0,0.0,0.0,0.0,140,0
20046,r0017,0,0.0,1,0,0,0.0,0.0,0.0,0.0,0,0
20046,r0000,0,689.2740565281347,1,1,1,1005.5928560543502,689.2740565281347,316.31879952621557,54.19695470938446,5,15
20046,r0001,0,0.0,0,0,0,0.0,0.0,0.0,0.0,0,0
20046,r0001,1,1125.1847112446121,0,1,0,0.0,0.0,0.0,0.0,13,0
20046,r0013,0,0.0,0,0,0,0.0,0.0,0.0,0.0,0,0
20046,r0013,1,0.0,0,0,0,0.0,0.0,0.0,0.0,0,0
20046,r0013,2,7676.8278697202295,1,1,0,0.0,0.0,0.0,0.0,281,0
20046,r0013,3,3084.5480741367683,0,1,0,0.0,0.0,0.0,0.0,107,0
20046,r0004,0,0.0,0,0,0,0.0,0.0,0.0,0.0,0,0
20046,r0004,1,1100.286341618259,0,1,0,0.0,0.0,0.0,0.0,14,0
20046,r0016,0,0.0,0,0,0,0.0,0.0,0.0,0.0,0,0
20046,r0015,0,2550.348063426958,0,1,0,575.2549433512597,0.0,0.0,0.0,21,15
20046,r0012,0,0.0,1,0,0,0.0,0.0,0.0,0.0,0,0
20046,r0012,1,0.0,1,0,0,0.0,0.0,0.0,0.0,0,0
20046,r0022,0,0.0,0,0,0,0.0,0.0,0.0,0.0,0,0
20046,r0022,1,0.0,0,0,0,0.0,0.0,0.0,0.0,0,0
20046,r0022,2,2052.871909257323,0,1,0,0.0,0.0,0.0,0.0,74,0
20046,r0022,3,3965.466118133161,1,1,0,0.0,0.0,0.0,0.0,160,0
20046,r0014,0,0.0,0,0,0,0.0,0.0,0.0,0.0,0,0
20046,r0019,0,0.0,1,0,0,0.0,0.0,0.0,0.0,0,0
20047,r0004,0,1182.2759459944473,1,1,1,0.0,0.0,0.0,0.0,57,0
20047,r0015,0,0.0,0,0,0,0.0,0.0,0.0,0.0,0,0
20047,r0010,0,3533.084037252611,1,1,0,0.0,0.0,0.0,0.0,156,0
20047,r0010,1,3339.601739499314,1,1,0,0.0,0.0,0.0,0.0,145,0
20047,r0001,0,0.0,0,0,0,0.0,0.0,0.0,0.0,0,0
20047,r0003,0,1034.3990270856484,1,1,0,0.0,0.0,0.0,0.0,48,0
20047,r0008,0,7474.0149430712445,0,1,0,0.0,0.0,0.0,0.0,348,0
20047,r0023,0,4413.314646390154,0,1,0,0.0,0.0,0.0,0.0,206,0
20047,r0023,1,3918.7875904129105,1,1,0,0.0,0.0,0.0,0.0,179,0
20048,r0001,0,6531.275982714535,0,1,0,0.0,0.0,0.0,0.0,302,0
20048,r0003,0,3029.708723554413,0,1,0,0.0,0.0,0.0,0.0,139,0
20048,r0017,0,0.0,1,0,0,0.0,0.0,0.0,0.0,0,0
20048,r0004,0,577.7356031131312,1,1,0,0.0,0.0,0.0,0.0,27,0
20049,r0000,0,2416.936093215175,0,1,0,0.0,0.0,0.0,0.0,98,0
20049,r0000,1,9579.926285056163,1,1,0,0.0,0.0,0.0,0.0,397,0
20049,r0009,0,2604.1098268584255,1,1,0,0.0,0.0,0.0,0.0,105,0
20049,r0009,1,5395.426656601463,0,1,0,0.0,0.0,0.0,0.0,221,0
20049,r0020,0,0.0,0,0,0,0.0,0.0,0.0,0.0,0,0
20049,r0014,0,2476.83096316129,0,1,0,0.0,0.0,0.0,0.0,102,0
20049,r0014,1,7154.218397673121,1,1,0,0.0,0.0,0.0,0.0,269,0
20049,r0007,0,0.0,0,0,0,0.0,0.0,0.0,0.0,0,0
20049,r0007,1,4225.295318207478,1,1,0,0.0,0.0,0.0,0.0,166,0
20049,r0007,2,5762.01635320636,0,1,0,0.0,0.0,0.0,0.0,216,0
20049,r0006,0,171.56268155404177,0,1,0,0.0,0.0,0.0,0.0,6,0
20049,r0006,1,9511.079680468658,1,1,0,0.0,0.0,0.0,0.0,360,0
20049,r0013,0,167.57256580505782,1,1,1,0.0,0.0,0.0,0.0,6,0
20050,r0019,0,3513.5517697191463,1,1,1,136.27545481194164,136.27545481194164,0.0,21.674640913126307,70,1
20050,r0019,1,5902.259155239779,1,1,0,0.0,0.0,0.0,0.0,313,0
20050,r0000,0,2214.572756942189,1,1,1,137.1154607776921,137.1154607776921,0.0,18.554618754624528,44,1
20050,r0000,1,6487.7150772714995,1,1,0,0.0,0.0,0.0,0.0,309,0
20050,r0009,0,2570.807373987034,0,1,0,58.754904258397445,0.0,0.0,0.0,51,1
20050,r0012,0,0.0,1,0,0,0.0,0.0,0.0,0.0,0,0
20050,r0012,1,6255.901055945345,1,1,0,0.0,0.0,0.0,0.0,249,0
20050,r0012,2,3434.4452577427,0,1,0,0.0,0.0,0.0,0.0,141,0
20050,r0003,0,0.0,0,0,0,0.0,0.0,0.0,0.0,0,0
20050,r0003,1,6664.919360928914,0,1,0,0.0,0.0,0.0,0.0,264,0
20050,r0020,0,0.0,0,0,0,0.0,0.0,0.0,0.0,0,0
20050,r0018,0,788.5256913854901,1,1,0,0.0,0.0,0.0,0.0,34,0
20050,r0021,0,0.0,1,0,0,0.0,0.0,0.0,0.0,0,0
20050,r0006,0,1561.2968090266077,0,1,0,0.0,0.0,0.0,0.0,66,0
20051,r0010,0,6393.418643407189,0,1,0,0.0,0.0,0.0,0.0,227,0
20051,r0004,0,0.0,1,0,0,0.0,0.0,0.0,0.0,0,0
20051,r0009,0,418.8186383666816,1,1,0,0.0,0.0,0.0,0.0,13,0
20051,r0001,0,0.0,1,0,0,0.0,0.0,0.0,0.0,0,0
20051,r0006,0,0.0,1,0,0,0.0,0.0,0.0,0.0,0,0
20051,r0005,0,0.0,1,0,0,0.0,0.0,0.0,0.0,0,0
20051,r0014,0,830.0255885583247,1,1,0,0.0,0.0,0.0,0.0,31,0
20051,r0012,0,592.8663244255804,1,1,0,0.0,0.0,0.0,0.0,20,0
20051,r0012,1,9722.37226297898,1,1,0,0.0,0.0,0.0,0.0,326,0
20051,r0017,0,434.32180467931175,0,1,0,0.0,0.0,0.0,0.0,14,0
20051,r0017,1,4182.475290273098,1,1,0,0.0,0.0,0.0,0.0,141,0
20051,r0017,2,3619.9955979000842,1,1,0,0.0,0.0,0.0,0.0,126,0
20051,r0000,0,722.160335442135,1,1,1,0.0,0.0,0.0,0.0,24,0
20051,r0000,1,8234.741262639545,1,1,0,0.0,0.0,0.0,0.0,309,0
20052,r0011,0,8371.375831650104,1,1,0,0.0,0.0,0.0,0.0,406,0
20052,r0023,0,7689.966959431087,1,1,1,0.0,0.0,0.0,0.0,372,0
20052,r0020,0,0.0,0,0,0,0.0,0.0,0.0,0.0,0,0
20052,r0020,1,4508.367541670086,1,1,0,0.0,0.0,0.0,0.0,213,0
20052,r0017,0,2771.994134073746,0,1,0,0.0,0.0,0.0,0.0,121,0
20052,r0017,1,3049.0490874762727,1,1,0,0.0,0.0,0.0,0.0,152,0
20052,r0017,2,6427.858861836834,0,1,0,0.0,0.0,0.0,0.0,303,0
20052,r0016,0,5218.967985277224,1,1,1,0.0,0.0,0.0,0.0,229,0
20052,r0015,0,6882.309895357714,0,1,0,0.0,0.0,0.0,0.0,302,0
20052,r0022,0,2084.5735033907695,1,1,1,0.0,0.0,0.0,0.0,97,0
20052,r0014,0,0.0,1,0,0,0.0,0.0,0.0,0.0,0,0
20052,r0014,1,1779.926976522831,1,1,0,0.0,0.0,0.0,0.0,79,0
20052,r0004,0,200.35789868840948,1,1,1,0.0,0.0,0.0,0.0,8,0
20052,r0004,1,5232.901319045159,1,1,0,0.0,0.0,0.0,0.0,254,0
20053,r0014,0,3957.7616254716904,0,1,0,0.0,0.0,0.0,0.0,196,0
20053,r0006,0,986.9598815463069,0,1,0,0.0,0.0,0.0,0.0,48,0
20053,r0000,0,1596.319755215758,1,1,0,0.0,0.0,0.0,0.0,71,0
20053,r0007,0,5344.546765938423,1,1,1,0.0,0.0,0.0,0.0,265,0
20054,r0008,0,7761.387963479157,1,1,1,263.0215141122501,263.0215141122501,0.0,87.76873693535094,45,5
20054,r0003,0,363.66737040170847,1,1,1,163.72369010077512,163.72369010077512,0.0,48.89931858546553,2,3
20054,r0021,0,2011.427658740049,0,1,0,174.33246355599394,0.0,0.0,0.0,14,3
20054,r0002,0,1923.2482033252527,0,1,0,176.82864554545716,0.0,0.0,0.0,14,3
20054,r0015,0,0.0,0,0,0,0.0,0.0,0.0,0.0,0,0
20054,r0015,1,1445.9805727372768,1,1,0,0.0,0.0,0.0,0.0,64,0
20054,r0020,0,0.0,0,0,0,0.0,0.0,0.0,0.0,0,0
20054,r0020,1,5723.5624833892,1,1,0,0.0,0.0,0.0,0.0,233,0
20054,r0023,0,2999.772704573428,0,1,0,0.0,0.0,0.0,0.0,119,0
20054,r0013,0,1344.4059831586965,1,1,0,0.0,0.0,0.0,0.0,58,0
20054,r0013,1,4720.371300179606,0,1,0,0.0,0.0,0.0,0.0,224,0
20054,r0000,0,1428.1960690282685,0,1,0,0.0,0.0,0.0,0.0,74,0
20054,r0000,1,6247.83358952502,0,1,0,0.0,0.0,0.0,0.0,295,0
20055,r0007,0,8842.89735788365,1,1,0,0.0,0.0,0.0,0.0,327,0
20055,r0016,0,1148.9319337736215,1,1,0,0.0,0.0,0.0,0.0,35,0
20055,r0005,0,0.0,1,0,0,0.0,0.0,0.0,0.0,0,0
20055,r0005,1,4821.51142540543,0,1,0,0.0,0.0,0.0,0.0,181,0
20055,r0005,2,4978.916891767727,0,1,0,0.0,0.0,0.0,0.0,168,0
20055,r0006,0,1543.53967047062,0,1,0,0.0,0.0,0.0,0.0,49,0
20055,r0010,0,0.0,1,0,0,0.0,0.0,0.0,0.0,0,0
20055,r0013,0,1743.6427568313738,0,1,0,0.0,0.0,0.0,0.0,57,0
20055,r0000,0,7325.359128475535,1,1,1,0.0,0.0,0.0,0.0,246,0
20055,r0017,0,4560.404038192726,1,1,0,0.0,0.0,0.0,0.0,150,0
20055,r0008,0,5943.617853324889,0,1,0,0.0,0.0,0.0,0.0,187,0
20056,r0010,0,2822.429749717216,0,1,0,0.0,0.0,0.0,0.0,135,0
20056,r0002,0,2492.8361684816487,1,1,0,0.0,0.0,0.0,0.0,119,0
20056,r0017,0,3944.273729713941,1,1,0,0.0,0.0,0.0,0.0,176,0
20056,r0019,0,2396.628208997552,1,1,1,0.0,0.0,0.0,0.0,106,0
20056,r0020,0,490.8577854075138,1,1,0,0.0,0.0,0.0,0.0,21,0
20056,r0014,0,2049.4724794244357,1,1,0,0.0,0.0,0.0,0.0,107,0
20056,r0001,0,1630.3494804199108,1,1,0,0.0,0.0,0.0,0.0,82,0
20057,r0008,0,4093.726730883796,0,1,0,2920.034714233957,0.0,0.0,0.0,72,19
20057,r0008,1,6057.695949428267,0,1,0,0.0,0.0,0.0,0.0,314,0
20057,r0018,0,3650.8458002675925,0,1,0,0.0,0.0,0.0,0.0,64,0
20057,r0001,0,0.0,0,0,0,0.0,0.0,0.0,0.0,0,0
20057,r0011,0,0.0,1,0,0,0.0,0.0,0.0,0.0,0,0
20057,r0011,1,1744.7298358165135,0,1,0,0.0,0.0,0.0,0.0,78,0
20057,r0011,2,6910.4035540726545,1,1,0,0.0,0.0,0.0,0.0,278,0
20057,r0020,0,0.0,1,0,0,0.0,0.0,0.0,0.0,0,0
20057,r0014,0,0.0,1,0,0,0.0,0.0,0.0,0.0,0,0
20057,r0014,1,1879.157388599113,1,1,0,0.0,0.0,0.0,0.0,86,0
20057,r0004,0,0.0,0,0,0,0.0,0.0,0.0,0.0,0,0
20057,r0009,0,4348.374164435576,1,1,1,0.0,0.0,0.0,0.0,72,0
20057,r0013,0,0.0,1,0,0,0.0,0.0,0.0,0.0,0,0
20057,r0013,1,4106.20803435555,1,1,0,0.0,0.0,0.0,0.0,183,0
20057,r0007,0,414.29214410217537,1,1,1,2633.963022608109,414.29214410217537,2219.6708785059336,42.76819598059328,7,19
20057,r0007,1,2523.9572020908163,0,1,0,0.0,0.0,0.0,0.0,113,0
20057,r0007,2,8498.162092371022,1,1,0,0.0,0.0,0.0,0.0,383,0
20057,r0010,0,5824.00748359492,1,1,1,3135.1795401674453,3135.1795401674453,0.0,253.18456420125833,96,19
20058,r0003,0,3302.3632925854404,1,1,0,0.0,0.0,0.0,0.0,161,0
20058,r0013,0,0.0,1,0,0,0.0,0.0,0.0,0.0,0,0
20058,r0007,0,0.0,0,0,0,0.0,0.0,0.0,0.0,0,0
20058,r0006,0,0.0,1,0,0,0.0,0.0,0.0,0.0,0,0
20058,r0005,0,0.0,0,0,0,0.0,0.0,0.0,0.0,0,0
20058,r0002,0,442.5877316116257,1,1,1,0.0,0.0,0.0,0.0,18,0
20058,r0002,1,8111.203052154786,1,1,0,0.0,0.0,0.0,0.0,369,0
20058,r0009,0,3721.381966666371,1,1,0,0.0,0.0,0.0,0.0,156,0
20058,r0009,1,5620.642236529522,0,1,0,0.0,0.0,0.0,0.0,219,0
20058,r0017,0,4287.516496934042,1,1,0,0.0,0.0,0.0,0.0,181,0
20058,r0011,0,0.0,1,0,0,0.0,0.0,0.0,0.0,0,0
20058,r0020,0,0.0,0,0,0,0.0,0.0,0.0,0.0,0,0
20059,r0020,0,2559.477721254332,0,1,0,0.0,0.0,0.0,0.0,110,0
20059,r0001,0,5298.087029770276,0,1,0,0.0,0.0,0.0,0.0,230,0
20059,r0016,0,0.0,1,0,0,0.0,0.0,0.0,0.0,0,0
20059,r0018,0,1110.3897697772409,1,1,1,731.1234029581911,731.1234029581911,0.0,236.22606804205947,48,28
20059,r0015,0,3877.2790468666753,1,1,1,0.0,0.0,0.0,0.0,168,0
20059,r0010,0,1423.9641141111606,0,1,0,0.0,0.0,0.0,0.0,61,0
20059,r0019,0,0.0,0,0,0,0.0,0.0,0.0,0.0,0,0
20059,r0019,1,1161.3926083279111,1,1,0,0.0,0.0,0.0,0.0,47,0
20059,r0004,0,0.0,1,0,0,0.0,0.0,0.0,0.0,0,0
20059,r0004,1,0.0,0,0,0,0.0,0.0,0.0,0.0,0,0
20059,r0004,2,1323.9215442761852,1,1,0,0.0,0.0,0.0,0.0,73,0
20059,r0005,0,0.0,1,0,0,0.0,0.0,0.0,0.0,0,0
20060,r0022,0,3518.0878496864525,1,1,0,0.0,0.0,0.0,0.0,70,0
20060,r0013,0,3036.0031741318962,1,1,1,1991.988734327222,1991.988734327222,0.0,100.73682218411724,38,22
20060,r0013,1,7154.540140279814,0,1,0,0.0,0.0,0.0,0.0,367,0
20060,r0001,0,288.16270285988867,1,1,1,800.1246892707414,288.16270285988867,511.9619864108528,24.333993602283808,5,24
20060,r0015,0,64.56469923318218,1,1,1,865.1233691780985,64.56469923318218,800.5586699449163,15.947067162624807,1,24
20060,r0006,0,3343.399001106329,0,1,0,856.7364427384397,0.0,0.0,0.0,64,24
20060,r0018,0,4559.747468648606,1,1,1,1810.3656997094863,1810.3656997094863,0.0,107.29544955623028,33,18
20060,r0018,1,8192.4624646858,1,1,1,0.0,0.0,0.0,0.0,388,0
20060,r0005,0,0.0,0,0,0,0.0,0.0,0.0,0.0,0,0
20060,r0021,0,5034.553245749499,1,1,1,1189.2089602722415,1189.2089602722415,0.0,112.01309567853849,36,18
20060,r0023,0,4470.035436748261,0,1,0,679.7031790629571,0.0,0.0,0.0,32,18
20060,r0019,0,3787.2750290607437,0,1,0,0.0,0.0,0.0,0.0,77,0
20061,r0009,0,2041.2127288645856,1,1,1,825.9984433494034,825.9984433494034,0.0,99.57348849868829,36,13
20061,r0011,0,2280.501978117058,1,1,1,815.8528434213207,815.8528434213207,0.0,107.6899684411544,40,13
20061,r0018,0,3998.97606106662,1,1,1,250.96916237959323,250.96916237959323,0.0,58.19463606107612,71,5
20061,r0004,0,1333.3435399854498,1,1,1,2244.3533132953526,1333.3435399854498,911.0097733099028,73.1949286856735,23,13
20061,r0004,1,3958.0845201491065,0,1,0,0.0,0.0,0.0,0.0,186,0
20061,r0023,0,0.0,1,0,0,0.0,0.0,0.0,0.0,0,0
20061,r0023,1,246.73088773939162,1,1,0,0.0,0.0,0.0,0.0,4,0
20061,r0006,0,0.0,0,0,0,0.0,0.0,0.0,0.0,0,0
20061,r0006,1,3148.167391657458,1,1,0,0.0,0.0,0.0,0.0,140,0
20061,r0013,0,0.0,0,0,0,0.0,0.0,0.0,0.0,0,0
20061,r0013,1,2222.7029388524206,0,1,0,0.0,0.0,0.0,0.0,48,0
20061,r0003,0,0.0,0,0,0,0.0,0.0,0.0,0.0,0,0
20061,r0003,1,4652.454927366918,1,1,0,0.0,0.0,0.0,0.0,179,0
20061,r0003,2,4716.328689970338,1,1,0,0.0,0.0,0.0,0.0,205,0
20061,r0020,0,7118.3816478468725,0,1,0,420.1744462260989,0.0,0.0,0.0,137,13
20062,r0011,0,2749.320323772463,0,1,0,0.0,0.0,0.0,0.0,135,0
20062,r0011,1,4444.896514644248,0,1,0,0.0,0.0,0.0,0.0,174,0
20062,r0003,0,0.0,1,0,0,0.0,0.0,0.0,0.0,0,0
20062,r0004,0,3734.1576468448475,1,1,0,0.0,0.0,0.0,0.0,142,0
20062,r0004,1,6504.224794708054,0,1,0,0.0,0.0,0.0,0.0,246,0
20062,r0006,0,5760.910087888602,1,1,0,0.0,0.0,0.0,0.0,199,0
20062,r0021,0,0.0,1,0,0,0.0,0.0,0.0,0.0,0,0
20062,r0010,0,1673.2408698942163,1,1,1,0.0,0.0,0.0,0.0,72,0
20062,r0010,1,4941.211824072481,0,1,0,0.0,0.0,0.0,0.0,190,0
20062,r0008,0,0.0,0,0,0,0.0,0.0,0.0,0.0,0,0
20063,r0013,0,3932.1725321285467,1,1,1,0.0,0.0,0.0,0.0,175,0
20063,r0020,0,3359.0876616929527,1,1,1,0.0,0.0,0.0,0.0,144,0
20063,r0011,0,0.0,0,0,0,0.0,0.0,0.0,0.0,0,0
20063,r0004,0,3663.2383023947914,1,1,0,0.0,0.0,0.0,0.0,162,0
20064,r0009,0,30.06514464384327,0,1,0,0.0,0.0,0.0,0.0,1,0
20064,r0009,1,3990.4465415314535,1,1,1,0.0,0.0,0.0,0.0,185,0
20064,r0016,0,2367.8731528149347,1,1,0,0.0,0.0,0.0,0.0,107,0
20064,r0016,1,3877.4711278353716,1,1,0,0.0,0.0,0.0,0.0,171,0
20064,r0020,0,5337.532090167335,1,1,0,0.0,0.0,0.0,0.0,237,0
20064,r0003,0,267.1146871448291,0,1,0,0.0,0.0,0.0,0.0,12,0
20064,r0004,0,2933.5092980469053,0,1,0,0.0,0.0,0.0,0.0,131,0
20064,r0004,1,3241.986186020411,0,1,0,0.0,0.0,0.0,0.0,151,0
20065,r0007,0,3088.7324033302903,1,1,0,0.0,0.0,0.0,0.0,145,0
20065,r0000,0,1445.0128544227482,1,1,0,0.0,0.0,0.0,0.0,63,0
20065,r0000,1,6672.653958867217,1,1,0,0.0,0.0,0.0,0.0,304,0
20066,r0016,0,6305.182977843575,0,1,0,112.79839436831372,0.0,0.0,0.0,100,1
20066,r0001,0,0.0,1,0,0,0.0,0.0,0.0,0.0,0,0
20066,r0005,0,369.9906222241643,1,1,0,0.0,0.0,0.0,0.0,5,0
20066,r0011,0,5212.688985975083,0,1,0,304.3942786502712,0.0,0.0,0.0,77,1
20066,r0006,0,2431.6622241099813,0,1,0,250.08913159431887,0.0,0.0,0.0,36,1
20066,r0006,1,3923.1841642988857,0,1,0,0.0,0.0,0.0,0.0,163,0
20066,r0006,2,4567.306320185209,0,1,0,0.0,0.0,0.0,0.0,192,0
20066,r0022,0,0.0,1,0,0,0.0,0.0,0.0,0.0,0,0
20066,r0022,1,5336.336132855311,1,1,1,0.0,0.0,0.0,0.0,216,0
20066,r0020,0,0.0,1,0,0,0.0,0.0,0.0,0.0,0,0
20066,r0020,1,1171.024723686085,1,1,0,0.0,0.0,0.0,0.0,45,0
20066,r0020,2,6837.9189873935065,1,1,0,0.0,0.0,0.0,0.0,278,0
20066,r0002,0,1130.1897541414946,0,1,0,253.8058336741939,0.0,0.0,0.0,16,1
20066,r0012,0,3699.359758315073,1,1,1,271.56341027804143,271.56341027804143,0.0,32.964144590392166,52,1
20066,r0012,1,9385.610466882994,0,1,0,0.0,0.0,0.0,0.0,363,0
20066,r0000,0,2435.386204752267,1,1,1,62.55787511151825,62.55787511151825,0.0,29.293604370717606,36,1
20066,r0015,0,0.0,1,0,0,0.0,0.0,0.0,0.0,0,0
20067,r0017,0,2692.8933429444787,0,1,0,0.0,0.0,0.0,0.0,108,0
20067,r0017,1,5375.532147349799,0,1,0,0.0,0.0,0.0,0.0,234,0
20067,r0023,0,2914.792640800373,0,1,0,0.0,0.0,0.0,0.0,117,0
20067,r0007,0,0.0,1,0,0,0.0,0.0,0.0,0.0,0,0
20067,r0007,1,6668.411476027253,1,1,0,0.0,0.0,0.0,0.0,261,0
20067,r0012,0,3658.0961209962625,1,1,1,0.0,0.0,0.0,0.0,145,0
20067,r0003,0,1580.9649586966807,0,1,0,0.0,0.0,0.0,0.0,65,0
20067,r0014,0,0.0,1,0,0,0.0,0.0,0.0,0.0,0,0
20067,r0014,1,1275.659802267346,1,1,0,0.0,0.0,0.0,0.0,93,0
20067,r0013,0,103.77487385886343,1,1,0,0.0,0.0,0.0,0.0,4,0
20067,r0013,1,4316.021616651604,1,1,0,0.0,0.0,0.0,0.0,198,0
20067,r0011,0,0.0,1,0,0,0.0,0.0,0.0,0.0,0,0
20067,r0015,0,3168.7093039099564,0,1,0,0.0,0.0,0.0,0.0,129,0
20067,r0000,0,1845.8025295628468,1,1,1,0.0,0.0,0.0,0.0,75,0
20067,r0000,1,6884.258508429179,0,1,0,0.0,0.0,0.0,0.0,316,0
20068,r0022,0,0.0,0,0,0,0.0,0.0,0.0,0.0,0,0
20068,r0022,1,3273.6471607183958,0,1,0,0.0,0.0,0.0,0.0,151,0
20068,r0022,2,3958.867981389987,0,1,0,0.0,0.0,0.0,0.0,200,0
20068,r0005,0,0.0,1,0,0,0.0,0.0,0.0,0.0,0,0
20068,r0008,0,0.0,1,0,0,0.0,0.0,0.0,0.0,0,0
20068,r0015,0,2090.980048419373,1,1,1,391.0609940246423,391.0609940246423,0.0,82.82970789488095,25,11
20068,r0011,0,3291.898103585161,1,1,1,1968.4475211670112,1968.4475211670112,0.0,97.46793179688152,39,18
20068,r0011,1,3352.0231949851186,1,1,0,0.0,0.0,0.0,0.0,174,0
20068,r0019,0,3807.937904600414,0,1,0,390.232415298487,0.0,0.0,0.0,45,11
20068,r0018,0,0.0,0,0,0,0.0,0.0,0.0,0.0,0,0
20068,r0023,0,955.8237152911533,0,1,0,329.30276958911446,0.0,0.0,0.0,11,18
20068,r0020,0,2532.55663987586,1,1,1,1847.0964732601392,1847.0964732601392,0.0,81.16704476461513,30,18
20069,r0021,0,675.5862266561016,1,1,0,0.0,0.0,0.0,0.0,37,0
20069,r0015,0,3627.7130311299406,1,1,1,0.0,0.0,0.0,0.0,205,0
20069,r0009,0,3436.4324801754083,0,1,0,0.0,0.0,0.0,0.0,152,0
20069,r0014,0,6174.397159447406,1,1,1,0.0,0.0,0.0,0.0,324,0
20069,r0011,0,342.427889172679,1,1,0,0.0,0.0,0.0,0.0,15,0
20069,r0011,1,8040.27155639245,1,1,0,0.0,0.0,0.0,0.0,392,0
20070,r0020,0,0.0,1,0,0,0.0,0.0,0.0,0.0,0,0
20070,r0007,0,4211.639627362118,1,1,0,0.0,0.0,0.0,0.0,205,0
20070,r0012,0,2435.258447778826,1,1,1,0.0,0.0,0.0,0.0,127,0
20070,r0009,0,224.90686611250567,1,1,1,0.0,0.0,0.0,0.0,11,0
20070,r0009,1,6172.497919598412,1,1,0,0.0,0.0,0.0,0.0,289,0
20070,r0023,0,102.19745762701496,1,1,0,0.0,0.0,0.0,0.0,4,0
20070,r0023,1,6749.705044102942,1,1,0,0.0,0.0,0.0,0.0,353,0
20070,r0018,0,7521.002588826719,1,1,0,0.0,0.0,0.0,0.0,330,0
20070,r0005,0,4148.136928624888,0,1,0,0.0,0.0,0.0,0.0,195,0
20071,r0008,0,3901.4559969844922,1,1,1,0.0,0.0,0.0,0.0,201,0
20071,r0012,0,590.6155461242888,0,1,0,0.0,0.0,0.0,0.0,28,0
20071,r0009,0,3496.8068587013513,1,1,0,0.0,0.0,0.0,0.0,169,0
20072,r0009,0,4082.1265680085926,1,1,1,2995.540353969296,2995.540353969296,0.0,236.83437423274927,82,15
20072,r0009,1,4740.396649516841,1,1,0,0.0,0.0,0.0,0.0,231,0
20072,r0003,0,0.0,1,0,0,0.0,0.0,0.0,0.0,0,0
20072,r0011,0,0.0,1,0,0,0.0,0.0,0.0,0.0,0,0
20072,r0023,0,0.0,0,0,0,0.0,0.0,0.0,0.0,0,0
20072,r0022,0,0.0,0,0,0,0.0,0.0,0.0,0.0,0,0
20072,r0015,0,0.0,0,0,0,0.0,0.0,0.0,0.0,0,0
20072,r0015,1,2469.8056094813364,0,1,0,0.0,0.0,0.0,0.0,118,0
20072,r0004,0,0.0,0,0,0,0.0,0.0,0.0,0.0,0,0
20072,r0004,1,1401.3486683662559,0,1,0,0.0,0.0,0.0,0.0,64,0
20072,r0004,2,6974.842596711562,1,1,0,0.0,0.0,0.0,0.0,333,0
20072,r0005,0,1375.3581296383563,1,1,1,2990.0937478888677,1375.3581296383563,1614.7356182505114,84.32940398077828,26,15
20072,r0005,1,4100.963290291405,0,1,0,0.0,0.0,0.0,0.0,179,0
20072,r0007,0,112.01126051207757,1,1,1,2938.3509901248067,112.01126051207757,2826.339729612729,18.97013101564785,2,15
20072,r0007,1,1549.99719238115,1,1,0,0.0,0.0,0.0,0.0,67,0
20073,r0015,0,6837.394570576557,0,1,0,399.8422188048438,0.0,0.0,0.0,219,5
20073,r0003,0,0.0,1,0,0,0.0,0.0,0.0,0.0,0,0
20073,r0000,0,0.0,0,0,0,0.0,0.0,0.0,0.0,0,0
20073,r0021,0,0.0,1,0,0,0.0,0.0,0.0,0.0,0,0
20073,r0021,1,0.0,0,0,0,0.0,0.0,0.0,0.0,0,0
20073,r0017,0,0.0,0,0,0,0.0,0.0,0.0,0.0,0,0
20073,r0002,0,0.0,1,0,0,0.0,0.0,0.0,0.0,0,0
20073,r0023,0,0.0,1,0,0,0.0,0.0,0.0,0.0,0,0
20074,r0019,0,4818.696149544124,1,1,0,0.0,0.0,0.0,0.0,219,0
20074,r0018,0,0.0,1,0,0,0.0,0.0,0.0,0.0,0,0
20074,r0017,0,1793.171749114139,1,1,1,0.0,0.0,0.0,0.0,82,0
20074,r0008,0,1182.8557152166286,0,1,0,0.0,0.0,0.0,0.0,54,0
20074,r0014,0,6773.41505511578,1,1,0,0.0,0.0,0.0,0.0,283,0
20074,r0023,0,0.0,1,0,0,0.0,0.0,0.0,0.0,0,0
20074,r0023,1,5870.244094081521,0,1,0,0.0,0.0,0.0,0.0,240,0
20075,r0020,0,5118.847559076128,0,1,0,0.0,0.0,0.0,0.0,239,0
20075,r0007,0,392.26092271594644,1,1,1,3644.2229140838754,392.26092271594644,3251.961991367929,128.2576833007049,17,28
20075,r0002,0,965.0594169594733,0,1,0,0.0,0.0,0.0,0.0,47,0
20075,r0003,0,2655.9896059121456,1,1,0,0.0,0.0,0.0,0.0,123,0
20075,r0003,1,5805.683132452243,1,1,0,0.0,0.0,0.0,0.0,284,0
20076,r0020,0,5969.420025737902,0,1,0,0.0,0.0,0.0,0.0,302,0
20076,r0004,0,688.7052487940709,1,1,1,0.0,0.0,0.0,0.0,31,0
20076,r0011,0,0.0,0,0,0,0.0,0.0,0.0,0.0,0,0
20076,r0011,1,1871.03710081413,0,1,0,2276.633149006797,0.0,0.0,0.0,94,28
20076,r0011,2,2434.5002059835315,1,1,0,0.0,0.0,0.0,0.0,200,0
20076,r0015,0,2703.293231116808,1,1,0,0.0,0.0,0.0,0.0,115,0
20076,r0015,1,3464.22571796826,1,1,0,0.0,0.0,0.0,0.0,167,0
20076,r0005,0,4482.999292146644,1,1,1,0.0,0.0,0.0,0.0,219,0
20077,r0017,0,3147.125598180325,1,1,0,0.0,0.0,0.0,0.0,163,0
20077,r0011,0,919.4122490135487,1,1,1,0.0,0.0,0.0,0.0,44,0
20077,r0011,1,3157.6188972900327,0,1,0,0.0,0.0,0.0,0.0,150,0
20077,r0011,2,3568.4920983562533,1,1,0,0.0,0.0,0.0,0.0,190,0
20077,r0006,0,0.0,0,0,0,0.0,0.0,0.0,0.0,0,0
20077,r0003,0,377.73023832123,0,1,0,0.0,0.0,0.0,0.0,19,0
20077,r0004,0,1136.1331685055884,0,1,0,0.0,0.0,0.0,0.0,57,0
20077,r0022,0,0.0,0,0,0,0.0,0.0,0.0,0.0,0,0
20077,r0005,0,1154.1543814985598,0,1,0,0.0,0.0,0.0,0.0,55,0
20077,r0007,0,8123.07426596155,1,1,0,0.0,0.0,0.0,0.0,399,0
20077,r0020,0,6012.059741445963,0,1,0,0.0,0.0,0.0,0.0,302,0
20078,r0013,0,3916.370250264838,1,1,0,0.0,0.0,0.0,0.0,167,0
20078,r0008,0,0.0,1,0,0,0.0,0.0,0.0,0.0,0,0
20078,r0021,0,1908.3148126489032,1,1,1,0.0,0.0,0.0,0.0,79,0
20078,r0011,0,1693.2175539749041,1,1,0,0.0,0.0,0.0,0.0,69,0
20078,r0003,0,7028.695222639115,0,1,0,0.0,0.0,0.0,0.0,300,0
20078,r0020,0,0.0,1,0,0,0.0,0.0,0.0,0.0,0,0
20079,r0010,0,1676.663874406635,1,1,1,3226.528888538919,1676.663874406635,1549.8650141322842,293.9183799229625,73,28
20079,r0010,1,5553.556981798318,1,1,0,0.0,0.0,0.0,0.0,419,0
20079,r0022,0,2869.02181234853,1,1,1,0.0,0.0,0.0,0.0,126,0
20079,r0013,0,367.54883934419195,1,1,0,0.0,0.0,0.0,0.0,17,0
20079,r0020,0,1733.980540632252,0,1,0,0.0,0.0,0.0,0.0,77,0
20080,r0020,0,7715.5994823783985,0,1,0,0.0,0.0,0.0,0.0,351,0
20080,r0014,0,1579.310138461131,0,1,0,3484.0773561825285,0.0,0.0,0.0,68,28
20080,r0014,1,0.0,1,0,0,0.0,0.0,0.0,0.0,0,0
20080,r0014,2,8014.240317032592,1,1,0,0.0,0.0,0.0,0.0,497,0
20080,r0018,0,0.0,0,0,0,0.0,0.0,0.0,0.0,0,0
20080,r0018,1,4674.298431597093,0,1,0,0.0,0.0,0.0,0.0,203,0
20080,r0018,2,4129.9136703915865,1,1,0,0.0,0.0,0.0,0.0,161,0
20080,r0000,0,2752.0873360819096,1,1,0,0.0,0.0,0.0,0.0,103,0
20080,r0000,1,3627.2877225016236,1,1,0,0.0,0.0,0.0,0.0,159,0
20080,r0005,0,476.0303110724235,1,1,1,0.0,0.0,0.0,0.0,18,0
20080,r0001,0,578.8706993392698,0,1,0,0.0,0.0,0.0,0.0,22,0
20080,r0021,0,655.4317360792629,1,1,1,761.125621723575,655.4317360792629,105.6938856443121,172.28353595677928,27,28
20080,r0011,0,0.0,1,0,0,0.0,0.0,0.0,0.0,0,0
20080,r0013,0,1544.780154877477,1,1,0,0.0,0.0,0.0,0.0,61,0
20081,r0012,0,2465.090231709557,1,1,1,2859.9235338148355,2465.090231709557,394.83330210527856,246.93377139830878,82,28
20081,r0010,0,4629.016991059008,0,1,0,3222.419223398631,0.0,0.0,0.0,146,28
20081,r0010,1,1793.7472244652308,1,1,0,0.0,0.0,0.0,0.0,109,0
20081,r0008,0,0.0,0,0,0,0.0,0.0,0.0,0.0,0,0
20081,r0015,0,0.0,0,0,0,0.0,0.0,0.0,0.0,0,0
20081,r0005,0,369.12275644365945,0,1,0,3226.9813498846656,0.0,0.0,0.0,11,28
20081,r0005,1,6695.461850329426,1,1,0,0.0,0.0,0.0,0.0,358,0
20081,r0004,0,1457.837390088087,1,1,0,0.0,0.0,0.0,0.0,46,0
20081,r0017,0,2438.0156433713237,1,1,0,0.0,0.0,0.0,0.0,81,0
20081,r0016,0,2219.7591822468094,1,1,1,2925.649491570063,2219.7591822468094,705.8903093232539,249.60142873946387,72,28
20081,r0016,1,6866.712090317596,1,1,0,0.0,0.0,0.0,0.0,439,0
20082,r0011,0,4642.933832894016,1,1,1,446.91043811148256,446.91043811148256,0.0,33.300300185840065,53,3
20082,r0001,0,3307.048262106324,0,1,0,40.64139280117435,0.0,0.0,0.0,61,2
20082,r0003,0,3958.3311511741977,0,1,0,43.7700230210965,0.0,0.0,0.0,73,2
20082,r0014,0,6157.038520776459,0,1,0,47.94152998099271,0.0,0.0,0.0,113,2
20082,r0019,0,3429.1313853990905,0,1,0,43.7700230210965,0.0,0.0,0.0,64,2
20082,r0012,0,0.0,0,0,0,0.0,0.0,0.0,0.0,0,0
20082,r0009,0,249.1290691498616,0,1,0,474.27258730231375,0.0,0.0,0.0,4,15
20082,r0020,0,0.0,1,0,0,0.0,0.0,0.0,0.0,0,0
20082,r0000,0,517.0798639122004,1,1,1,3908.551860010965,517.0798639122004,3391.4719960987645,104.0699177693838,5,25
20082,r0000,1,1341.9834939892316,0,1,0,0.0,0.0,0.0,0.0,48,0
20082,r0000,2,7876.243473361887,1,1,0,0.0,0.0,0.0,0.0,272,0
20083,r0019,0,4654.130262518494,0,1,0,0.0,0.0,0.0,0.0,169,0
20083,r0006,0,2056.90949294428,0,1,0,3419.0522675164216,0.0,0.0,0.0,74,28
20084,r0023,0,257.85761166694283,1,1,0,0.0,0.0,0.0,0.0,11,0
20084,r0019,0,0.0,1,0,0,0.0,0.0,0.0,0.0,0,0
20084,r0007,0,6921.621289433606,1,1,0,0.0,0.0,0.0,0.0,332,0
20084,r0006,0,1447.1511805444097,0,1,0,0.0,0.0,0.0,0.0,69,0
20085,r0008,0,3933.451233906493,0,1,0,1310.5716118826663,0.0,0.0,0.0,102,9
20085,r0018,0,0.0,0,0,0,0.0,0.0,0.0,0.0,0,0
20085,r0003,0,6332.606243274011,1,1,1,1225.661680444535,1225.661680444535,0.0,214.88455140705418,154,9
20085,r0004,0,660.1718742846933,1,1,1,399.4296793928869,399.4296793928869,0.0,47.126580535280524,17,9
20085,r0023,0,2375.3642132830646,0,1,0,268.38943971053413,0.0,0.0,0.0,62,9
20085,r0007,0,1850.5430715639304,0,1,0,754.3738556558219,0.0,0.0,0.0,47,9
20085,r0011,0,1291.430222750605,1,1,1,499.85623911037146,499.85623911037146,0.0,59.71948703873127,33,9
20085,r0014,0,2117.21195394604,0,1,0,1293.1243656967488,0.0,0.0,0.0,57,9
20085,r0020,0,5623.280662778532,0,1,0,1246.598375867636,0.0,0.0,0.0,150,9
20086,r0001,0,0.0,1,0,0,0.0,0.0,0.0,0.0,0,0
20086,r0021,0,6547.529860608556,1,1,1,0.0,0.0,0.0,0.0,257,0
20087,r0006,0,135.8750966536736,1,1,1,0.0,0.0,0.0,0.0,6,0
20087,r0023,0,5189.05927200443,1,1,0,0.0,0.0,0.0,0.0,228,0
20087,r0002,0,1260.9373692732843,1,1,0,0.0,0.0,0.0,0.0,57,0
20087,r0002,1,7716.767897335114,0,1,0,0.0,0.0,0.0,0.0,339,0
20087,r0008,0,1156.894698727545,1,1,0,0.0,0.0,0.0,0.0,53,0
20087,r0011,0,4604.805954078132,1,1,0,0.0,0.0,0.0,0.0,202,0
20087,r0011,1,4624.733631101171,0,1,0,0.0,0.0,0.0,0.0,210,0
20088,r0012,0,3199.30518480359,1,1,1,0.0,0.0,0.0,0.0,136,0
20088,r0005,0,4285.164724969069,1,1,1,0.0,0.0,0.0,0.0,184,0
20088,r0005,1,3061.661310692816,1,1,0,0.0,0.0,0.0,0.0,150,0
20088,r0004,0,0.0,1,0,0,0.0,0.0,0.0,0.0,0,0
20088,r0016,0,3614.8809356426063,1,1,0,0.0,0.0,0.0,0.0,154,0
20088,r0020,0,2022.5901575288226,0,1,0,0.0,0.0,0.0,0.0,87,0
20088,r0007,0,696.8335587711481,0,1,0,0.0,0.0,0.0,0.0,30,0
20088,r0013,0,5137.78688979437,1,1,0,0.0,0.0,0.0,0.0,220,0
20088,r0003,0,1285.1559220395502,0,1,0,0.0,0.0,0.0,0.0,58,0
20088,r0003,1,5727.105805973071,1,1,0,0.0,0.0,0.0,0.0,264,0
20088,r0022,0,0.0,0,0,0,0.0,0.0,0.0,0.0,0,0
20088,r0022,1,5472.916359617084,1,1,1,0.0,0.0,0.0,0.0,246,0
20089,r0017,0,0.0,1,0,0,0.0,0.0,0.0,0.0,0,0
20089,r0003,0,3009.552914937729,1,1,1,0.0,0.0,0.0,0.0,148,0
20089,r0000,0,910.3259076639551,0,1,0,0.0,0.0,0.0,0.0,46,0
20089,r0010,0,2397.741780663826,1,1,0,0.0,0.0,0.0,0.0,123,0
20089,r0010,1,5841.45908161554,1,1,0,0.0,0.0,0.0,0.0,289,0
20089,r0013,0,2849.8755732467907,1,1,0,0.0,0.0,0.0,0.0,149,0
20089,r0020,0,441.12829722342576,1,1,1,0.0,0.0,0.0,0.0,24,0
20090,r0014,0,4858.936235009165,1,1,0,0.0,0.0,0.0,0.0,221,0
20090,r0014,1,3727.2004297659314,0,1,0,0.0,0.0,0.0,0.0,158,0
20090,r0010,0,3755.589231357244,0,1,0,0.0,0.0,0.0,0.0,151,0
20090,r0010,1,3586.737274379644,1,1,0,0.0,0.0,0.0,0.0,135,0
20090,r0003,0,2619.2204290148293,0,1,0,0.0,0.0,0.0,0.0,101,0
20090,r0017,0,4474.69299504871,1,1,1,0.0,0.0,0.0,0.0,174,0
20090,r0017,1,4022.9470016478444,1,1,0,0.0,0.0,0.0,0.0,166,0
20090,r0002,0,805.7815477915283,1,1,0,0.0,0.0,0.0,0.0,32,0
20090,r0002,1,7200.102589515802,0,1,0,0.0,0.0,0.0,0.0,259,0
20090,r0005,0,957.6707577911438,1,1,0,0.0,0.0,0.0,0.0,37,0
20090,r0018,0,1098.7796967598479,0,1,0,0.0,0.0,0.0,0.0,48,0
20090,r0012,0,2310.881730581161,1,1,1,0.0,0.0,0.0,0.0,99,0
20090,r0012,1,7714.583792376434,1,1,0,0.0,0.0,0.0,0.0,289,0
20091,r0016,0,4872.383152122893,1,1,1,2144.9576145060896,2144.9576145060896,0.0,305.5112691735113,121,19
20091,r0009,0,2253.083322951563,0,1,0,368.7054158529928,0.0,0.0,0.0,55,7
20091,r0011,0,2689.286931792052,1,1,1,0.0,0.0,0.0,0.0,67,0
20091,r0018,0,0.0,1,0,0,0.0,0.0,0.0,0.0,0,0
20091,r0015,0,0.0,0,0,0,0.0,0.0,0.0,0.0,0,0
20091,r0020,0,0.0,0,0,0,0.0,0.0,0.0,0.0,0,0
20091,r0020,1,853.4351009467064,0,1,0,333.2273436385414,0.0,0.0,0.0,39,3
20091,r0020,2,3562.481390230376,1,1,0,0.0,0.0,0.0,0.0,197,0
20091,r0010,0,2618.2946241704485,1,1,1,2079.5247044267653,2079.5247044267653,0.0,177.4601674972592,60,18
20091,r0000,0,31.052139158768114,0,1,0,1807.001824287728,0.0,0.0,0.0,0,18
20091,r0004,0,0.0,1,0,0,0.0,0.0,0.0,0.0,0,0
20091,r0004,1,0.0,1,0,0,0.0,0.0,0.0,0.0,0,0
20091,r0004,2,4794.541319008873,1,1,0,0.0,0.0,0.0,0.0,270,0
20091,r0002,0,2613.363007012136,0,1,0,0.0,0.0,0.0,0.0,61,0
20091,r0019,0,0.0,1,0,0,0.0,0.0,0.0,0.0,0,0
20092,r0006,0,7835.63039738539,1,1,1,0.0,0.0,0.0,0.0,348,0
20092,r0013,0,0.0,0,0,0,0.0,0.0,0.0,0.0,0,0
20092,r0013,1,5900.577355597259,0,1,0,0.0,0.0,0.0,0.0,255,0
20092,r0021,0,0.0,0,0,0,0.0,0.0,0.0,0.0,0,0
20092,r0021,1,8354.996321889415,1,1,0,0.0,0.0,0.0,0.0,381,0
20093,r0004,0,3934.866719730951,1,1,0,0.0,0.0,0.0,0.0,160,0
20093,r0004,1,6534.927399599463,1,1,0,0.0,0.0,0.0,0.0,235,0
20093,r0001,0,0.0,0,0,0,0.0,0.0,0.0,0.0,0,0
20093,r0003,0,0.0,1,0,0,0.0,0.0,0.0,0.0,0,0
20093,r0000,0,30.445947576939943,1,1,1,0.0,0.0,0.0,0.0,0,0
20093,r0000,1,3686.386535757927,1,1,0,0.0,0.0,0.0,0.0,120,0
20093,r0000,2,6951.458802378467,0,1,0,0.0,0.0,0.0,0.0,241,0
20093,r0007,0,0.0,0,0,0,0.0,0.0,0.0,0.0,0,0
20093,r0018,0,2896.7585950371576,0,1,0,0.0,0.0,0.0,0.0,112,0
20093,r0013,0,1978.1233698449905,1,1,0,0.0,0.0,0.0,0.0,79,0
20093,r0022,0,218.15691783936927,1,1,1,0.0,0.0,0.0,0.0,8,0
20094,r0019,0,2228.131422257685,1,1,0,0.0,0.0,0.0,0.0,116,0
20094,r0021,0,2978.1063753437775,1,1,0,0.0,0.0,0.0,0.0,155,0
20094,r0017,0,1678.9748011771808,1,1,1,0.0,0.0,0.0,0.0,85,0
20094,r0002,0,0.0,1,0,0,0.0,0.0,0.0,0.0,0,0
20094,r0020,0,600.5907028189467,1,1,1,0.0,0.0,0.0,0.0,30,0
20095,r0022,0,2346.218276934131,0,1,0,1846.831504431187,0.0,0.0,0.0,41,13
20095,r0022,1,3462.858282363135,0,1,0,0.0,0.0,0.0,0.0,167,0
20095,r0009,0,4535.509273878499,0,1,0,0.0,0.0,0.0,0.0,80,0
20095,r0005,0,4058.7171372337325,0,1,0,1910.140984812627,0.0,0.0,0.0,72,13
20095,r0005,1,6302.6743141452025,0,1,0,0.0,0.0,0.0,0.0,291,0
20095,r0014,0,2314.940779633769,0,1,0,703.7436642107534,0.0,0.0,0.0,39,13
20095,r0006,0,2818.623868398361,0,1,0,332.6797653084279,0.0,0.0,0.0,47,13
20095,r0002,0,7092.158315551096,1,1,1,679.1233107290825,679.1233107290825,0.0,227.16396467269553,121,13
20095,r0018,0,0.0,1,0,0,0.0,0.0,0.0,0.0,0,0
20095,r0003,0,0.0,1,0,0,0.0,0.0,0.0,0.0,0,0
20095,r0001,0,0.0,0,0,0,0.0,0.0,0.0,0.0,0,0
20095,r0001,1,4758.04103187826,1,1,0,0.0,0.0,0.0,0.0,199,0
20095,r0010,0,0.0,0,0,0,0.0,0.0,0.0,0.0,0,0
20095,r0010,1,6311.821986159128,1,1,0,0.0,0.0,0.0,0.0,279,0
20096,r0000,0,6843.45715800185,1,1,1,0.0,0.0,0.0,0.0,320,0
20096,r0004,0,1194.9027556849323,1,1,1,0.0,0.0,0.0,0.0,55,0
20096,r0004,1,9449.149841896266,0,1,0,0.0,0.0,0.0,0.0,432,0
20096,r0019,0,0.0,0,0,0,0.0,0.0,0.0,0.0,0,0
20096,r0006,0,2837.2330317990127,1,1,1,0.0,0.0,0.0,0.0,126,0
20096,r0003,0,581.2667178854099,1,1,0,0.0,0.0,0.0,0.0,24,0
20096,r0007,0,3903.661700306795,1,1,1,0.0,0.0,0.0,0.0,169,0
20096,r0007,1,5512.792120679565,1,1,0,0.0,0.0,0.0,0.0,225,0
20096,r0021,0,0.0,1,0,0,0.0,0.0,0.0,0.0,0,0
20096,r0021,1,6337.528145282311,1,1,0,0.0,0.0,0.0,0.0,274,0
20096,r0005,0,404.77087317039695,1,1,0,0.0,0.0,0.0,0.0,17,0
20096,r0022,0,0.0,1,0,0,0.0,0.0,0.0,0.0,0,0
20097,r0011,0,2473.419658200718,0,1,0,0.0,0.0,0.0,0.0,101,0
20097,r0021,0,1502.2605654452273,0,1,0,0.0,0.0,0.0,0.0,58,0
20097,r0016,0,2088.307232763251,1,1,0,0.0,0.0,0.0,0.0,83,0
20097,r0005,0,0.0,0,0,0,0.0,0.0,0.0,0.0,0,0
20097,r0017,0,2117.157472028972,0,1,0,0.0,0.0,0.0,0.0,75,0
20097,r0017,1,8206.588750656301,1,1,0,0.0,0.0,0.0,0.0,302,0
20097,r0008,0,6265.027023902159,1,1,1,0.0,0.0,0.0,0.0,244,0
20097,r0008,1,3712.1404055986823,1,1,0,0.0,0.0,0.0,0.0,137,0
20097,r0000,0,3797.6484405330775,0,1,0,0.0,0.0,0.0,0.0,140,0
20097,r0009,0,5003.167128077475,0,1,0,0.0,0.0,0.0,0.0,185,0
20097,r0009,1,7536.949380753984,1,1,0,0.0,0.0,0.0,0.0,301,0
20097,r0002,0,4371.946505331682,1,1,0,0.0,0.0,0.0,0.0,174,0
20097,r0002,1,3536.9393533862676,1,1,0,0.0,0.0,0.0,0.0,136,0
20098,r0008,0,6752.254842033879,1,1,1,0.0,0.0,0.0,0.0,374,0
20098,r0022,0,2423.244764202742,0,1,0,0.0,0.0,0.0,0.0,116,0
20098,r0022,1,3465.8866890957725,0,1,0,0.0,0.0,0.0,0.0,152,0
20098,r0002,0,838.1166444511309,1,1,0,0.0,0.0,0.0,0.0,40,0
20098,r0002,1,5079.8864909935655,0,1,0,0.0,0.0,0.0,0.0,221,0
20098,r0019,0,3680.0908916796016,1,1,1,0.0,0.0,0.0,0.0,189,0
20098,r0007,0,3504.693967248757,0,1,0,0.0,0.0,0.0,0.0,183,0
20099,r0013,0,1842.1457144211195,0,1,0,0.0,0.0,0.0,0.0,81,0
20099,r0005,0,4187.72508333118,1,1,0,0.0,0.0,0.0,0.0,183,0
20099,r0009,0,5434.5836371121895,1,1,0,0.0,0.0,0.0,0.0,234,0
20099,r0021,0,0.0,0,0,0,0.0,0.0,0.0,0.0,0,0
20099,r0017,0,0.0,1,0,0,0.0,0.0,0.0,0.0,0,0
20099,r0015,0,0.0,0,0,0,0.0,0.0,0.0,0.0,0,0
20099,r0022,0,0.0,1,0,0,0.0,0.0,0.0,0.0,0,0
20099,r0007,0,0.0,1,0,0,0.0,0.0,0.0,0.0,0,0
20099,r0007,1,7327.110598399329,0,1,0,0.0,0.0,0.0,0.0,329,0
20100,r0022,0,3948.816147205751,0,1,0,0.0,0.0,0.0,0.0,167,0
20100,r0001,0,3095.398728197524,1,1,1,0.0,0.0,0.0,0.0,130,0
20100,r0008,0,2742.003863128786,1,1,0,0.0,0.0,0.0,0.0,107,0
20100,r0008,1,5627.0031727350215,1,1,0,0.0,0.0,0.0,0.0,220,0
20100,r0008,2,7093.86625705169,0,1,0,0.0,0.0,0.0,0.0,279,0
20100,r0020,0,520.1436567959645,0,1,0,0.0,0.0,0.0,0.0,20,0
20100,r0020,1,4657.287355627155,1,1,0,0.0,0.0,0.0,0.0,182,0
20100,r0007,0,3752.8654232518857,1,1,1,0.0,0.0,0.0,0.0,146,0
20100,r0007,1,5212.998117730844,0,1,0,0.0,0.0,0.0,0.0,205,0
20100,r0015,0,6051.118778235275,0,1,0,0.0,0.0,0.0,0.0,235,0
20100,r0015,1,3903.741699962062,1,1,0,0.0,0.0,0.0,0.0,154,0
20100,r0018,0,0.0,1,0,0,0.0,0.0,0.0,0.0,0,0
20101,r0004,0,5990.8807516764555,0,1,0,4121.725218408163,0.0,0.0,0.0,98,28
20101,r0004,1,4647.98957149183,0,1,0,0.0,0.0,0.0,0.0,185,0
20101,r0010,0,944.3822026474008,0,1,0,500.6295363698026,0.0,0.0,0.0,14,2
20101,r0015,0,0.0,0,0,0,0.0,0.0,0.0,0.0,0,0
20101,r0007,0,4320.957450832055,0,1,0,3865.2925633335217,0.0,0.0,0.0,68,28
20101,r0007,1,0.0,0,0,0,0.0,0.0,0.0,0.0,0,0
20101,r0018,0,2078.737697900673,1,1,1,52.951646768419835,52.951646768419835,0.0,34.628017657068604,30,2
20101,r0020,0,0.0,1,0,0,0.0,0.0,0.0,0.0,0,0
20101,r0000,0,0.0,1,0,0,0.0,0.0,0.0,0.0,0,0
20101,r0002,0,1578.0129947393216,1,1,1,322.0263152111963,322.0263152111963,0.0,32.146432441171584,24,2
20101,r0002,1,3863.2572360230624,0,1,0,0.0,0.0,0.0,0.0,143,0
20101,r0014,0,0.0,1,0,0,0.0,0.0,0.0,0.0,0,0
20101,r0005,0,0.0,0,0,0,0.0,0.0,0.0,0.0,0,0
20101,r0005,1,1038.6880287502863,1,1,0,0.0,0.0,0.0,0.0,71,0
20101,r0001,0,0.0,1,0,0,0.0,0.0,0.0,0.0,0,0
20102,r0006,0,5962.397095035994,0,1,0,0.0,0.0,0.0,0.0,299,0
20102,r0020,0,6416.887847161539,1,1,1,0.0,0.0,0.0,0.0,322,0
20102,r0022,0,61.32179839237142,0,1,0,0.0,0.0,0.0,0.0,2,0
20102,r0000,0,7833.99938928301,1,1,0,0.0,0.0,0.0,0.0,392,0
20102,r0003,0,0.0,1,0,0,0.0,0.0,0.0,0.0,0,0
20102,r0019,0,5072.4874886177495,0,1,0,0.0,0.0,0.0,0.0,247,0
20103,r0021,0,3076.616721086498,0,1,0,390.98458289668577,0.0,0.0,0.0,53,4
20103,r0021,1,5243.692180282971,1,1,0,0.0,0.0,0.0,0.0,289,0
20103,r0002,0,4402.176113597172,1,1,1,66.48115383343712,66.48115383343712,0.0,36.17480835420265,72,2
20103,r0001,0,391.34582679993764,0,1,0,446.2787502644495,0.0,0.0,0.0,6,23
20103,r0001,1,3328.5598391604926,1,1,0,0.0,0.0,0.0,0.0,143,0
20103,r0005,0,1609.7272313733665,1,1,1,151.86715989191333,151.86715989191333,0.0,32.46807283746085,26,4
20103,r0023,0,0.0,1,0,0,0.0,0.0,0.0,0.0,0,0
20103,r0009,0,248.20230715387152,0,1,0,836.3024353060383,0.0,0.0,0.0,4,23
20103,r0010,0,0.0,0,0,0,0.0,0.0,0.0,0.0,0,0
20103,r0007,0,4338.466354400734,1,1,1,2096.842901909524,2096.842901909524,0.0,188.94353539164868,75,23
20103,r0007,1,9487.655190417077,0,1,0,0.0,0.0,0.0,0.0,440,0
20104,r0008,0,5739.74777439216,1,1,1,0.0,0.0,0.0,0.0,234,0
20104,r0007,0,443.2885442767474,1,1,0,0.0,0.0,0.0,0.0,17,0
20104,r0012,0,800.4993954021811,1,1,0,0.0,0.0,0.0,0.0,32,0
20104,r0003,0,4515.574691247632,1,1,1,0.0,0.0,0.0,0.0,184,0
20104,r0004,0,826.0216951418333,1,1,1,2829.872452552661,826.0216951418333,2003.8507574108276,138.70373926978218,33,28
20104,r0004,1,7575.543305970699,0,1,0,0.0,0.0,0.0,0.0,589,0
20105,r0016,0,198.6242710793913,1,1,1,803.4897722787089,198.6242710793913,604.8655011993176,47.15387209780815,1,5
20105,r0006,0,2883.5358308057803,1,1,1,194.065190928758,194.065190928758,0.0,56.65756927285612,25,5
20105,r0015,0,0.0,0,0,0,0.0,0.0,0.0,0.0,0,0
20105,r0017,0,0.0,1,0,0,0.0,0.0,0.0,0.0,0,0
20105,r0021,0,5232.924058029028,1,1,1,203.56888810380593,203.56888810380593,0.0,64.57731691872942,45,5
20105,r0007,0,4972.25180082969,1,1,1,783.8948891072613,783.8948891072613,0.0,245.90287623330426,43,28
20105,r0019,0,3239.238428683155,0,1,0,247.91947492069647,0.0,0.0,0.0,27,5
20105,r0008,0,3350.6094948663376,1,1,1,392.05888207559065,392.05888207559065,0.0,58.24151880203078,29,5
20105,r0002,0,2299.87709411536,1,1,1,3658.1946761328054,2299.87709411536,1358.3175820174456,161.98491717765603,19,28
20105,r0002,1,1851.6180198334914,1,1,0,0.0,0.0,0.0,0.0,131,0
20105,r0012,0,444.8262640638968,1,1,1,566.2933302848033,444.8262640638968,121.46706622090653,47.945846862395484,3,5
20105,r0012,1,2825.994258183593,0,1,0,0.0,0.0,0.0,0.0,114,0
20105,r0018,0,0.0,1,0,0,0.0,0.0,0.0,0.0,0,0
20106,r0011,0,3570.84842677342,0,1,0,0.0,0.0,0.0,0.0,195,0
20106,r0007,0,5544.042039305154,1,1,0,0.0,0.0,0.0,0.0,304,0
20106,r0000,0,0.0,0,0,0,0.0,0.0,0.0,0.0,0,0
